model,title,source,price,imageUrl,link,datetime_fetched
A790i-8EAN,Fire Magic Aurora 36-Inch Built-In Natural Gas Grill with Analog Thermometer,BBQGuys,"$7,470.90",https://encrypted-tbn2.gstatic.com/shopping?q=tbn:ANd9GcQKyqnvkDvLqc9-xF8K0ZTB1cq1oIPLxN4rakqxfRWVpxR-CeH5BSmtwhql_vLuVVJHvP7TqC1rgrXvryqeA_XMq5V-R-jy6UHa4pcMqnKbs2XDsJGZfIuacQ,"https://www.google.com/search?ibp=oshop&q=A790i-8EAN&prds=localAnnotatedOfferId:1,catalogid:1017259130512048102,pvo:2,pvt:hg,rds:PC_6027158597472037202%7CPROD_PC_6027158597472037202&gl=us&udm=28&pvorigin=2",2025-11-05 15:11:49
A790i-8EAN,Fire Magic Aurora Series Built-In Grill,The BBQ Authority,"$7,780.50",https://encrypted-tbn2.gstatic.com/shopping?q=tbn:ANd9GcSZHAcZnSnhqTSyi1ZdLoMFTmoUFP4Ly6URPwSo51L1VnUqffQSmKHZMrCfjTpnMe_-ilhSW6jaJIfAFBllfp5ETf9ef5Ajv5nDgh017zyH9EJOSTHjQ_mK,"https://www.google.com/search?ibp=oshop&q=A790i-8EAN&prds=localAnnotatedOfferId:1,catalogid:1286007732839617347,pvo:2,pvt:hg,rds:PC_6027158597472037202%7CPROD_PC_6027158597472037202&gl=us&udm=28&pvorigin=2",2025-11-05 15:11:49
A790i-8EAN,Fire Magic Aurora 36-Inch 3-Burner Built-In Gas Grill with Analog Thermometer,Fire Magic Store,"$6,849.00",https://encrypted-tbn0.gstatic.com/shopping?q=tbn:ANd9GcSwtsJ365Pq8oHXXXUZ7i9sGiWSTZ5GFXrIbqWK4DG4WrqS9jGd0EfYW-RK3sW14IBCegowBh3Vk3_QltPaM-aUB1Wkfon_XOEosrykI6XPN3kZ5XQ7n4nklQ,"https://www.google.com/search?ibp=oshop&q=A790i-8EAN&prds=localAnnotatedOfferId:1,catalogid:1766462266345505995,pvo:2,pvt:hg,rds:PC_6027158597472037202%7CPROD_PC_6027158597472037202&gl=us&udm=28&pvorigin=2",2025-11-05 15:11:49
A790i-8EAN,Fire Magic Grills Aurora 37 3/4 Inch Built-In Grill,The Home Selection,"$6,849.00",https://encrypted-tbn0.gstatic.com/shopping?q=tbn:ANd9GcR_vNqpOULAXVFW-znpMy4snNP0VpGy3Or-MP3Sb5jJebIyTcCDV6pBXUVu2IZB88XHIIeWI2I_LlCduEwIyWIbsaeU76IcFD311qnwDZ4KkAkX3NsJOMHg,"https://www.google.com/search?ibp=oshop&q=A790i-8EAN&prds=localAnnotatedOfferId:1,productid:1125000538235294559,pvo:2,pvt:hg,rds:PC_6027158597472037202%7CPROD_PC_6027158597472037202&gl=us&udm=28&pvorigin=2",2025-11-05 15:11:49
A790i-8EAN,TaylorMade 2025 P790 Irons,DICK'S Sporting Goods,"$1,399.99",https://encrypted-tbn3.gstatic.com/shopping?q=tbn:ANd9GcSWTDf9NgLHDOsAnpC-9qGP-eQamFhPp_nJNaQ15KxHx3US4X-BxID_lfQAEOwBFhYCJBPggLYB6XowR8r2DfE_X1VGybYU7A74gf-ionE,"https://www.google.com/search?ibp=oshop&q=A790i-8EAN&prds=localAnnotatedOfferId:1,catalogid:16899407870259841683,pvo:2,pvt:hg,rds:PC_6027158597472037202%7CPROD_PC_6027158597472037202&gl=us&udm=28&pvorigin=2",2025-11-05 15:11:49
A790i-8EAN,Fire Magic Aurora A790i 38-Inch Gas Grill,Modern Blaze,"$8,560.00",https://encrypted-tbn3.gstatic.com/shopping?q=tbn:ANd9GcQ7UVSFQ1TKaxOs6YEoRS1Ffo1rbQ_JwVppSLT8NgpNrzitogcY11cBHTGW6MCislPPmt-vXBzLHM1WPVhssGXOnXO1zd5je7z8-L0SmJWo287NeJqkA9a8,"https://www.google.com/search?ibp=oshop&q=A790i-8EAN&prds=localAnnotatedOfferId:1,productid:1808880364590326200,pvo:2,pvt:hg,rds:PC_6027158597472037202%7CPROD_PC_6027158597472037202&gl=us&udm=28&pvorigin=2",2025-11-05 15:11:49
A790i-8EAN,TaylorMade P790 Iron Set,GlobalGolf,$734.99,https://encrypted-tbn0.gstatic.com/shopping?q=tbn:ANd9GcQJmPZ9F5xMG-nj1M45wsvMSxpcBE9BCpPP1nDJEv7rXobd3C7HZ7cSnX3Hsj2BAkW2rF1RFChgfe8uVjXl0aRZpNEhDiyQFhqS4dCRTj6o9SHiP3RnMNFN,"https://www.google.com/search?ibp=oshop&q=A790i-8EAN&prds=localAnnotatedOfferId:1,catalogid:17896393918217682226,pvo:2,pvt:hg,rds:PC_6027158597472037202%7CPROD_PC_6027158597472037202&gl=us&udm=28&pvorigin=2",2025-11-05 15:11:49
A790i-8EAN,TaylorMade P790 Ti Iron Set,Golf Avenue - USA,$624.96,https://encrypted-tbn1.gstatic.com/shopping?q=tbn:ANd9GcQExbkTejHw43M4F-yyJbOMVv357aBENILi-IyacJRDRGc5eUaHObEy1fifprNLgZrfthO2vqdb9qZv52WXrkXRSHdjZCB47Qteq5nQc5oSyQ2zyBY90qEc0w,"https://www.google.com/search?ibp=oshop&q=A790i-8EAN&prds=localAnnotatedOfferId:1,catalogid:1560477309537852984,pvo:2,pvt:hg,rds:PC_6027158597472037202%7CPROD_PC_6027158597472037202&gl=us&udm=28&pvorigin=2",2025-11-05 15:11:49
A790i-8EAN,A-i-r Max 90 Comfortable Running,eBay,$100.45,https://encrypted-tbn2.gstatic.com/shopping?q=tbn:ANd9GcRXzzIAkzQ8TkvQVDiOZm0kFAmlkIjAe-hD9Qd2peX_M-JCLQ3JrlD-6bl45NEUIzC2z9E9jveDkeLNdqwQGWx30K4RTdrS47t1_-k-p3iyKYdVZ_5LCXMAlA,"https://www.google.com/search?ibp=oshop&q=A790i-8EAN&prds=localAnnotatedOfferId:1,productid:4334211888441747884,pvo:2,pvt:hg,rds:PC_6027158597472037202%7CPROD_PC_6027158597472037202&gl=us&udm=28&pvorigin=2",2025-11-05 15:11:49
A790i-8EAN,Taylormade Golf P790 Iron Set,Rock Bottom Golf,$944.97,https://encrypted-tbn3.gstatic.com/shopping?q=tbn:ANd9GcQD4B4VfT6-6vJ1JJbHvaLmP5xlnbOUDRvW0niO3NARGR_IpzmI-iIfor_MQ961bdWbKlz9HY9-O2zl_1L8GudfHPKdPBONnD-jeIq609qBr0FsoYfP9bvz,"https://www.google.com/search?ibp=oshop&q=A790i-8EAN&prds=localAnnotatedOfferId:1,productid:7478806852430576717,pvo:2,pvt:hg,rds:PC_6027158597472037202%7CPROD_PC_6027158597472037202&gl=us&udm=28&pvorigin=2",2025-11-05 15:11:49
A790i-8EAN,Nike Men's Air Max 90 Premium Running Shoes,Foot Locker,$145.00,https://encrypted-tbn3.gstatic.com/shopping?q=tbn:ANd9GcR67txhO5-oDg4ZdchR6HsCkCCoqGnOhxAwIqiK-UYpnwJoZLMkOoxJmwO3t9pIIN7VbJWh4LOV5Px6eNYSkOb0s82PpBucsm7XFMxBPpXYBMOWHdSq_n7o,"https://www.google.com/search?ibp=oshop&q=A790i-8EAN&prds=localAnnotatedOfferId:1,productid:2160849911923695895,pvo:2,pvt:hg,rds:PC_6027158597472037202%7CPROD_PC_6027158597472037202&gl=us&udm=28&pvorigin=2",2025-11-05 15:11:49
A790i-8EAN,"TaylorMade P790 Irons 2025 RIGHT 4-PW,AW|",Carls Golfland,"$1,599.99",https://encrypted-tbn1.gstatic.com/shopping?q=tbn:ANd9GcSBe2XNXA6mj4b6fLTy35jZpV15eZo5xuXCSFbzfD8G2PoFHJm1TUguasSDdu822witbASay252rJxm-nufTLL_MQ3nw1gqv1RPKpv4nvI1,"https://www.google.com/search?ibp=oshop&q=A790i-8EAN&prds=localAnnotatedOfferId:1,productid:4801167339047826230,pvo:2,pvt:hg,rds:PC_6027158597472037202%7CPROD_PC_6027158597472037202&gl=us&udm=28&pvorigin=2",2025-11-05 15:11:49
A790i-8EAN,TaylorMade P790 Golf Iron Set,Walmart - GlobalGolf,$809.99,https://encrypted-tbn3.gstatic.com/shopping?q=tbn:ANd9GcTx2A5-dIAXllhJ9g4o1W5zVsTXC-C9l4MsdFElxOkY2hq-u4ivpK3a4RVoWLnaUeJVmPoJr2yvEM_unNJ2yc6Dm_4QOFdiXpaFeqlouA68YiembfsvetgQ_g,"https://www.google.com/search?ibp=oshop&q=A790i-8EAN&prds=localAnnotatedOfferId:1,catalogid:6929227902215036219,pvo:2,pvt:hg,rds:PC_6027158597472037202%7CPROD_PC_6027158597472037202&gl=us&udm=28&pvorigin=2",2025-11-05 15:11:49
A790i-8EAN,TaylorMade P790 2021 Iron Set Golf Clubs,GlobalGolf,$734.99,https://encrypted-tbn0.gstatic.com/shopping?q=tbn:ANd9GcQJmPZ9F5xMG-nj1M45wsvMSxpcBE9BCpPP1nDJEv7rXobd3C7HZ7cSnX3Hsj2BAkW2rF1RFChgfe8uVjXl0aRZpNEhDiyQFhqS4dCRTj6o9SHiP3RnMNFN,"https://www.google.com/search?ibp=oshop&q=A790i-8EAN&prds=localAnnotatedOfferId:1,productid:16084900162431477572,pvo:2,pvt:hg,rds:PC_6027158597472037202%7CPROD_PC_6027158597472037202&gl=us&udm=28&pvorigin=2",2025-11-05 15:11:49
A790i-8EAN,TaylorMade P790 Forged Iron Set,Golfio,"$1,371.99",https://encrypted-tbn2.gstatic.com/shopping?q=tbn:ANd9GcReHPniMZe90XQ9bpu5BMexqEPDsRZ94BIOUeCdW-xES0HS3-qR57C2kTtfy0cWF_CTZdNoN4vrhJCQnCpLXd1FlHmO_97Ue_VHPDNMCKqsHNbqURKQr1FroQ,"https://www.google.com/search?ibp=oshop&q=A790i-8EAN&prds=localAnnotatedOfferId:1,catalogid:8537668074001014053,pvo:2,pvt:hg,rds:PC_6027158597472037202%7CPROD_PC_6027158597472037202&gl=us&udm=28&pvorigin=2",2025-11-05 15:11:49
A790i-8EAN,TaylorMade P790 Irons,Planet Golf Miami,"$1,299.99",https://encrypted-tbn2.gstatic.com/shopping?q=tbn:ANd9GcSwAJ9J9uHxXLVu0FtqZuSPgBEk_qtI1yU3JrbEeC3vO1QK8sbou2oje0i2QUx1H3oLj8HeNqtnev9Vk4tjWwI2fe31UHiSZX7BhpHuPIjK_X_jfEjiKTf9xg,"https://www.google.com/search?ibp=oshop&q=A790i-8EAN&prds=localAnnotatedOfferId:1,productid:619095157806137330,pvo:2,pvt:hg,rds:PC_6027158597472037202%7CPROD_PC_6027158597472037202&gl=us&udm=28&pvorigin=2",2025-11-05 15:11:49
A790i-8EAN,TaylorMade P790 Iron Set,Yesgolfshop.com,"$1,399.99",https://encrypted-tbn0.gstatic.com/shopping?q=tbn:ANd9GcTG3a7sdJMu52QzFOWfUM7zAEeVY0NoZ7uS3Lz7QLjZuf5UoGIzLa667Pd_9sDHn072bJt5iaxIEIn1aLMELoXuEvMEL7nSkGdHjXKTO8ISk7QGNDXN3TZG,"https://www.google.com/search?ibp=oshop&q=A790i-8EAN&prds=localAnnotatedOfferId:1,productid:33915412301885943,pvo:2,pvt:hg,rds:PC_6027158597472037202%7CPROD_PC_6027158597472037202&gl=us&udm=28&pvorigin=2",2025-11-05 15:11:49
A790i-8EAN,TaylorMade P790 Aged Copper Iron Set 2024,eBay - sports_now,"$1,499.99",https://encrypted-tbn1.gstatic.com/shopping?q=tbn:ANd9GcQDoCFYt5nz_rhZlxo28_wi6xXtlG328JYyZdDWmU8ijx8ODx7JXmZqzHt48ZD2frYQ-0RWfzi4ItjcMQrvU63cFWFCSuKBOFVGbgagq0H9gt9cH_X1rqvdVw,"https://www.google.com/search?ibp=oshop&q=A790i-8EAN&prds=localAnnotatedOfferId:1,catalogid:14717023813751643439,pvo:2,pvt:hg,rds:PC_6027158597472037202%7CPROD_PC_6027158597472037202&gl=us&udm=28&pvorigin=2",2025-11-05 15:11:49
A790i-8EAN,TaylorMade P790 Iron Set 3-PW KBS$-Taper Lite 100 Steel Stiff Right Handed,2nd Swing Golf,$799.99,https://encrypted-tbn1.gstatic.com/shopping?q=tbn:ANd9GcRaK5ZOvzFz1DVczqlq0tAoN7bxSaRalB4l205Xw7T6GUbZT0CCtANN8MfjkJ9kWCxM2tWrMebA5saQ2tFnp1z8PN3avDlKO9YScPE2aX3dOev16o23DnX_,"https://www.google.com/search?ibp=oshop&q=A790i-8EAN&prds=localAnnotatedOfferId:1,productid:17069068637945103438,pvo:2,pvt:hg,rds:PC_6027158597472037202%7CPROD_PC_6027158597472037202&gl=us&udm=28&pvorigin=2",2025-11-05 15:11:49
A790i-8EAN,TaylorMade P790 Iron Set Golf Clubs,GlobalGolf,$844.99,https://encrypted-tbn2.gstatic.com/shopping?q=tbn:ANd9GcQSpJvUxzkUr0iD2FyJbmeGxL4MtfPjBeyCnGh9C2L9BmSDfGq5ltElbFm-iYe4g4TxacVHwPDb1ypc9BuAuUB888nIJh8Tb_lmqLl7eg931cN56LrsYHYP,"https://www.google.com/search?ibp=oshop&q=A790i-8EAN&prds=localAnnotatedOfferId:1,productid:7430234726671425887,pvo:2,pvt:hg,rds:PC_6027158597472037202%7CPROD_PC_6027158597472037202&gl=us&udm=28&pvorigin=2",2025-11-05 15:11:49
A790i-8EAN,TaylorMade P790 2021 Iron Set,Golf Avenue - USA,$854.96,https://encrypted-tbn3.gstatic.com/shopping?q=tbn:ANd9GcT6zZ6wPZvu81qT2as7aFY37nNhyWZRQeRFt9uCpHujc6m2G2hVjDjVpAOv8dXSxKKdOq65w1HvUgqIQVh8diMHUcxzxztKxxHQ8Q2Cy7QVutZpDGVzppo1,"https://www.google.com/search?ibp=oshop&q=A790i-8EAN&prds=localAnnotatedOfferId:1,productid:14817443985933243906,pvo:2,pvt:hg,rds:PC_6027158597472037202%7CPROD_PC_6027158597472037202&gl=us&udm=28&pvorigin=2",2025-11-05 15:11:49
A790i-8EAN,TaylorMade P790 2021 4-pw AW Iron Set,Walmart - GlobalGolf,$873.99,https://encrypted-tbn1.gstatic.com/shopping?q=tbn:ANd9GcQ1Kh_pt-LhVixdRkzHNfaa66Jd1Rw_Mvnpr16xYiLqnqrpBU1wcQPWRMlno8vcWehltV6X7GKiUIQc8HPtZtD1ssxcg5Sym-GzB0iCDvP-HnKSDzl_QrCySg,"https://www.google.com/search?ibp=oshop&q=A790i-8EAN&prds=localAnnotatedOfferId:1,productid:8453574401046423742,pvo:2,pvt:hg,rds:PC_6027158597472037202%7CPROD_PC_6027158597472037202&gl=us&udm=28&pvorigin=2",2025-11-05 15:11:49
A790i-8EAN,TaylorMade P790 Iron Set,Golf Headquarters,"$1,399.99",https://encrypted-tbn0.gstatic.com/shopping?q=tbn:ANd9GcS211JDQas7-NXFJ1MqllHi35Tt6cmbHkFkYtsO1se2gNSnmyuqxJuHOwSmyIFKq8Yd1Khdg8dEyMbd5HfPZznQ7wRSQBBmqb7qZ20sNqRvhoIejGcOmfn4,"https://www.google.com/search?ibp=oshop&q=A790i-8EAN&prds=localAnnotatedOfferId:1,productid:12912185559240462625,pvo:2,pvt:hg,rds:PC_6027158597472037202%7CPROD_PC_6027158597472037202&gl=us&udm=28&pvorigin=2",2025-11-05 15:11:49
A790i-8EAN,TaylorMade 2021 P790 Iron Set 4-PW AW UST Mamiya Recoil ES 780 F4 Graphite Stiff Right Handed STD Used Golf Clubs,2nd Swing Golf,"$1,099.99",https://encrypted-tbn2.gstatic.com/shopping?q=tbn:ANd9GcRuL8IVi8DAxka_FF1D25ERBZGC-wkvSMhavy347ZXHU7_mzzdAxGWd2N8BuuIpwuzZCNdvbhGYet5JgWKfH00h-SEM8Ew76eBGtLg7yGaEttQ_Y9jDaqzj,"https://www.google.com/search?ibp=oshop&q=A790i-8EAN&prds=localAnnotatedOfferId:1,productid:18341369919023637928,pvo:2,pvt:hg,rds:PC_6027158597472037202%7CPROD_PC_6027158597472037202&gl=us&udm=28&pvorigin=2",2025-11-05 15:11:49
A790i-8EAN,Taylormade P790 8-pw+aw Iron Set,eBay - tourgolfexchange,$449.99,https://encrypted-tbn3.gstatic.com/shopping?q=tbn:ANd9GcQRcK5-VXjwH-JjXSXcLlqS2SF4Ujpae0LpBLa3sdfsSx8efH4GnqDEinJ2EwkaYzkErbEtoC52DI1jiWkmJcqdJwLQe4Axx4qh3tI1xCTkeH29CiKJgi8fkw,"https://www.google.com/search?ibp=oshop&q=A790i-8EAN&prds=localAnnotatedOfferId:1,productid:512255093170482550,pvo:2,pvt:hg,rds:PC_6027158597472037202%7CPROD_PC_6027158597472037202&gl=us&udm=28&pvorigin=2",2025-11-05 15:11:49
A790i-8EAN,TaylorMade P790 Iron Set,Next Round Golf,$770.99,https://encrypted-tbn2.gstatic.com/shopping?q=tbn:ANd9GcTYnQ5h8UXB62oA07TPoXlq3tjReHwUIgqntA_tRq0hqhOZ2uZAzIxSRYa_l5jcyZBuu9UoRHvpcWApsAbflvoTh3iHhZ-tj2XprG3WE9fN34NhUSQXvom4LQ,"https://www.google.com/search?ibp=oshop&q=A790i-8EAN&prds=localAnnotatedOfferId:1,productid:897911877418639860,pvo:2,pvt:hg,rds:PC_6027158597472037202%7CPROD_PC_6027158597472037202&gl=us&udm=28&pvorigin=2",2025-11-05 15:11:49
A790i-8EAN,TaylorMade P790 Iron Set,SidelineSwap,$950.00,https://encrypted-tbn3.gstatic.com/shopping?q=tbn:ANd9GcRQwLoVfn2IMe3CxbYQHbQ8Peg8FowZHyU9pVBLu-iUZUppuvfgC8S4N39hcYkElaj_a9IyYkN69jdtTc5aD_U7OikSOEen6HWOuuYFN_g,"https://www.google.com/search?ibp=oshop&q=A790i-8EAN&prds=localAnnotatedOfferId:1,productid:3353520643705789514,pvo:2,pvt:hg,rds:PC_6027158597472037202%7CPROD_PC_6027158597472037202&gl=us&udm=28&pvorigin=2",2025-11-05 15:11:49
A790i-8EAN,"TaylorMade P790 Iron Set 6-PW AW Mitsubishi MMT 65 Graphite Regular Right Handed +1/4""",2nd Swing Golf,$824.99,https://encrypted-tbn1.gstatic.com/shopping?q=tbn:ANd9GcQuepKAIW7wXo006x0herA-W-tGV0SOfstvWf7BTEDUiOQVMYbyKvb2Ynfm4qk3Snwc162TvEgGdtsSoGWVt7z4rULeSZAvJzvbcW5UibRO,"https://www.google.com/search?ibp=oshop&q=A790i-8EAN&prds=localAnnotatedOfferId:1,productid:6507842729307818407,pvo:2,pvt:hg,rds:PC_6027158597472037202%7CPROD_PC_6027158597472037202&gl=us&udm=28&pvorigin=2",2025-11-05 15:11:49
A790i-8EAN,Taylormade P790 ‘21 Forged Iron Set,BKBigGolf,$765.00,https://encrypted-tbn1.gstatic.com/shopping?q=tbn:ANd9GcQaMqtgWOuK9ZWvuzpe81TM1vkVDO_p0DW96FgmJ-f4Q_uITEZV-K0hoWb3h7w9ATPF4sT2O2bgrxC33cgvNiiPd78gbmG8EKOmS8BXW2nkiOeL46hoSDgy8w,"https://www.google.com/search?ibp=oshop&q=A790i-8EAN&prds=localAnnotatedOfferId:1,productid:12225381311071240445,pvo:2,pvt:hg,rds:PC_6027158597472037202%7CPROD_PC_6027158597472037202&gl=us&udm=28&pvorigin=2",2025-11-05 15:11:49
A790i-8EAN,Taylormade P790 Iron Set,eBay - tboxgolf,$799.99,https://encrypted-tbn2.gstatic.com/shopping?q=tbn:ANd9GcTXIVX08FeJnrRtHairEW6NJCpBfBoWVrOqYvCEfrf-sAiMHxrqK46QV6V4O7JcZuYYYdSU1k6_U6f_qTZK2LmJQlG-uROtu7De90sWfQFN7LDklp1fIL4DbQ,"https://www.google.com/search?ibp=oshop&q=A790i-8EAN&prds=localAnnotatedOfferId:1,productid:5161656494713673151,pvo:2,pvt:hg,rds:PC_6027158597472037202%7CPROD_PC_6027158597472037202&gl=us&udm=28&pvorigin=2",2025-11-05 15:11:49
A790i-8EAN,TaylorMade P790 Iron Set 7-PW AW Dynamic Gold Tour Issue X100 Steel X-Stiff Right Handed,2nd Swing Golf,$500.99,https://encrypted-tbn1.gstatic.com/shopping?q=tbn:ANd9GcQ9eHRiURe4_TJ-cJ1U4bbR6q03NhdirxLGE6Eyux3qHwIZvxksTVRf-_9qTf9VaygBkH4vQu6qzAcCNXl4ZzQa5WOEL6EhHbz0gFepq7gx09Vb83I8c3nnGA,"https://www.google.com/search?ibp=oshop&q=A790i-8EAN&prds=localAnnotatedOfferId:1,productid:10481083867717626680,pvo:2,pvt:hg,rds:PC_6027158597472037202%7CPROD_PC_6027158597472037202&gl=us&udm=28&pvorigin=2",2025-11-05 15:11:49
A790i-8EAN,TaylorMade '21 P790 Iron Set,Golf Deals and Steals,"$1,099.99",https://encrypted-tbn0.gstatic.com/shopping?q=tbn:ANd9GcSFweCZq2-hUaX3TXg4UvUQZKRrHGA2IK8S12HsYm06VEhaDXS6P61CzU_1KyVjqjW6A1H6G5fXYzlt4o-TwRW7gXtaIbxDyy6aKei50hMNlMGLIE0uFbDq,"https://www.google.com/search?ibp=oshop&q=A790i-8EAN&prds=localAnnotatedOfferId:1,productid:1284421370348319626,pvo:2,pvt:hg,rds:PC_6027158597472037202%7CPROD_PC_6027158597472037202&gl=us&udm=28&pvorigin=2",2025-11-05 15:11:49
A790i-8EAN,Taylor Made P790 Iron Set 4-PW,SidelineSwap,$999.99,https://encrypted-tbn1.gstatic.com/shopping?q=tbn:ANd9GcQCwq61h-C0qZn_PNZLwJufdpvj6emyQJjgxP4dFksyzbeOesTHurlKgsGZ7GDhuVzp6_d8_Bad-9V7H3KBiMji7rQwlQh_Jcm2GSfpyiouhlCAPB53BiY-,"https://www.google.com/search?ibp=oshop&q=A790i-8EAN&prds=localAnnotatedOfferId:1,productid:1464829938448813642,pvo:2,pvt:hg,rds:PC_6027158597472037202%7CPROD_PC_6027158597472037202&gl=us&udm=28&pvorigin=2",2025-11-05 15:11:49
A790i-8EAN,TaylorMade '21 P790 Iron Set,eBay - golfdealsandsteals1,$999.99,https://encrypted-tbn0.gstatic.com/shopping?q=tbn:ANd9GcQP4T-i0gOIvFQRTC24fMqz2OMTX2ypOeDcFdJ3P3iDU0b9S2LHwI7FDiuPD45Buga4Ix5SeprkVzijbGJVfqhyG90EoKfA-gSqjww1dQkDHj_LUAGhKfwZRg,"https://www.google.com/search?ibp=oshop&q=A790i-8EAN&prds=localAnnotatedOfferId:1,productid:15391658401793357190,pvo:2,pvt:hg,rds:PC_6027158597472037202%7CPROD_PC_6027158597472037202&gl=us&udm=28&pvorigin=2",2025-11-05 15:11:49
A790i-8EAN,TaylorMade P790 Iron Set 6-PW FST KBS MAX Graphite 65 Regular Right Handed STD,2nd Swing Golf,$687.99,https://encrypted-tbn2.gstatic.com/shopping?q=tbn:ANd9GcQp8EK6Yk1Zt3Fv-uRR4r6-lW2yuV_9kXRzOOYwSe8ZOpw6ZkPhRl42g4Ujz9IKOU2ChFGERw1jlpNQc9Vqfm-zKE3SmSsfBOwjFac-2HM,"https://www.google.com/search?ibp=oshop&q=A790i-8EAN&prds=localAnnotatedOfferId:1,productid:1786829505170022303,pvo:2,pvt:hg,rds:PC_6027158597472037202%7CPROD_PC_6027158597472037202&gl=us&udm=28&pvorigin=2",2025-11-05 15:11:49
A790i-8EAN,Taylormade P790 ‘21 Forged Iron Set,BKBigGolf,$795.00,https://encrypted-tbn0.gstatic.com/shopping?q=tbn:ANd9GcSho1MuvVXJi3z2pbGtjaLR2g31Ej-baSqJE5bcxMrMC8Jq6nTS8v0a5q4r_hBXfDd8mwKjqtnoQdnBUuEt3P60fua47zJtz1YX0rUDDI52p2RRXCNV9y_t,"https://www.google.com/search?ibp=oshop&q=A790i-8EAN&prds=localAnnotatedOfferId:1,productid:13907443377623420657,pvo:2,pvt:hg,rds:PC_6027158597472037202%7CPROD_PC_6027158597472037202&gl=us&udm=28&pvorigin=2",2025-11-05 15:11:49
A790i-8EAN,"Taylormade P790 6 & 7, P770 8 Irons",eBay - golfdealsandsteals1,$299.99,https://encrypted-tbn0.gstatic.com/shopping?q=tbn:ANd9GcQkI6oxUGaDn-ihSui8bABE29mEsCROczAWSpXVo5sMPb54XsAQ3QzpY5akXgTnDrvAvkhLBh75DwEaas0lhLDjZIXVbxRoiXsqHoxpk1YkNL8k-P5S5Zz_,"https://www.google.com/search?ibp=oshop&q=A790i-8EAN&prds=localAnnotatedOfferId:1,productid:724289867912023832,pvo:2,pvt:hg,rds:PC_6027158597472037202%7CPROD_PC_6027158597472037202&gl=us&udm=28&pvorigin=2",2025-11-05 15:11:49
A790i-8EAN,"TaylorMade 2021 P790 Iron Set 4-PW AW UST Mamiya Recoil 760 ES Graphite Senior Left Handed -1/4"" Used Golf Clubs",2nd Swing Golf,"$1,099.99",https://encrypted-tbn3.gstatic.com/shopping?q=tbn:ANd9GcQxQvFboI3-YjaUEzQuOnQ-BC-VbrhZprOyVZqZfJCfTer_AjV4Xc5ljxP28Ax1Nr0fuo6c2QgLFvqAGttRh1ipGooRjRbTXnGd9yNOs_lw,"https://www.google.com/search?ibp=oshop&q=A790i-8EAN&prds=localAnnotatedOfferId:1,productid:444063699731788081,pvo:2,pvt:hg,rds:PC_6027158597472037202%7CPROD_PC_6027158597472037202&gl=us&udm=28&pvorigin=2",2025-11-05 15:11:49
A790i-8EAN,Taylormade P790 Iron Set,eBay,$779.00,https://encrypted-tbn0.gstatic.com/shopping?q=tbn:ANd9GcQXtnGFOuTebi-NEyXyNJmnDu7lxfW-iuADJkSlDWJZE9L7sp2J7TRP9WuKXR4tVBIVjg4NZVEzQFAe3QtKaoV1CkDhpfqIAnfdqLaAd8jI,"https://www.google.com/search?ibp=oshop&q=A790i-8EAN&prds=localAnnotatedOfferId:1,productid:3997474555885543677,pvo:2,pvt:hg,rds:PC_6027158597472037202%7CPROD_PC_6027158597472037202&gl=us&udm=28&pvorigin=2",2025-11-05 15:11:49
A790i-8EAN,TaylorMade P790 Iron Set 5-PW TM Fujikura Ventus Red 6 Graphite Regular Right Handed +,2nd Swing Golf,$824.99,https://encrypted-tbn3.gstatic.com/shopping?q=tbn:ANd9GcRSw5UvXm5a_8-DJFUGamXJECrV4Zkujec7kwMe4F79on-VdshJ9Vz4Y3-YIODuetZQdTeZLAZALHd0MbevMjdoiRA3DiYUahF2X9h76TA,"https://www.google.com/search?ibp=oshop&q=A790i-8EAN&prds=localAnnotatedOfferId:1,productid:16624007300454476854,pvo:2,pvt:hg,rds:PC_6027158597472037202%7CPROD_PC_6027158597472037202&gl=us&udm=28&pvorigin=2",2025-11-05 15:11:49
A790i-8LAN,Fire Magic Aurora A790i 36-Inch Built-In Gas Grill,Northline Express,"$8,152.00",https://encrypted-tbn0.gstatic.com/shopping?q=tbn:ANd9GcQiaCpUBstYp5V9yEB06saQM0oEO79o-VMQwDaaowTG8r0GubxRm8nH7dZ4mLVFl3cWlN8wMm5NLaGMu6jhYXRwfKrU7kIRZzeVAycpK1ghAakBcFY0xPxCGg,"https://www.google.com/search?ibp=oshop&q=A790i-8LAN&prds=localAnnotatedOfferId:1,catalogid:16726593919928482631,pvo:2,pvt:hg,rds:PC_6027158597472037202%7CPROD_PC_6027158597472037202&gl=us&udm=28&pvorigin=2",2025-11-05 15:11:49
A790i-8LAN,"Fire Magic Aurora 36"" Built-In Gas Grill with Analog Thermometer A790i",BBQ Outfitters,"$7,787.99",https://encrypted-tbn2.gstatic.com/shopping?q=tbn:ANd9GcQU7f5NC15SN-jI-RDlF_eD6ddWr8mDjRJh9R6kaip43Jdc2j2_8-k8Y_7BYPbD1C-xbTPywwdqFVat1YpbsPWtHc8PooZ0qq78O1QcEAzOttO1LAfhcmiIRA,"https://www.google.com/search?ibp=oshop&q=A790i-8LAN&prds=localAnnotatedOfferId:1,catalogid:3236560262868632269,pvo:2,pvt:hg,rds:PC_6027158597472037202%7CPROD_PC_6027158597472037202&gl=us&udm=28&pvorigin=2",2025-11-05 15:11:49
A790i-8LAN,Fire Magic Aurora A790i Built-In Grill,Grill Collection,"$8,408.70",https://encrypted-tbn3.gstatic.com/shopping?q=tbn:ANd9GcSO4jgTw2tck9NUk2sdAAyW_sdKX53RTosQNtMsfuzQFlBpnJKuWXH6H3lCF84KbV0riBoOvmw12HsqI4K-wqwgo4YNzg-Y1Bc-va2k6SU7gb3HN9n9VoJn,"https://www.google.com/search?ibp=oshop&q=A790i-8LAN&prds=localAnnotatedOfferId:1,catalogid:513864534388043796,pvo:2,pvt:hg,rds:PC_6027158597472037202%7CPROD_PC_6027158597472037202&gl=us&udm=28&pvorigin=2",2025-11-05 15:11:49
A790i-8LAN,Fire Magic Aurora 36-Inch 3-Burner Built-In Gas Grill with Analog Thermometer,Fire Magic Store,"$6,849.00",https://encrypted-tbn0.gstatic.com/shopping?q=tbn:ANd9GcSwtsJ365Pq8oHXXXUZ7i9sGiWSTZ5GFXrIbqWK4DG4WrqS9jGd0EfYW-RK3sW14IBCegowBh3Vk3_QltPaM-aUB1Wkfon_XOEosrykI6XPN3kZ5XQ7n4nklQ,"https://www.google.com/search?ibp=oshop&q=A790i-8LAN&prds=localAnnotatedOfferId:1,catalogid:1766462266345505995,pvo:2,pvt:hg,rds:PC_6027158597472037202%7CPROD_PC_6027158597472037202&gl=us&udm=28&pvorigin=2",2025-11-05 15:11:49
A790i-8LAN,Firemagic FireMagic A790i Aurora Built- Grills,Sawyer Twain,"$5,982.00",https://encrypted-tbn1.gstatic.com/shopping?q=tbn:ANd9GcS3ISCCp34H_4cikwcORim6xF-IyNMbFsq8ZV5phesre84fD2I2UQH0dSg2QXQIRcM8DnpqTdqkXxeW3EEIEQzmOnRb5I55q_DQ2daGYxgGU_tncXnSYDDvDA,"https://www.google.com/search?ibp=oshop&q=A790i-8LAN&prds=localAnnotatedOfferId:1,productid:799156319222928408,pvo:2,pvt:hg,rds:PC_6027158597472037202%7CPROD_PC_6027158597472037202&gl=us&udm=28&pvorigin=2",2025-11-05 15:11:49
A790i-8LAN,Fire Magic Aurora A790i 3-Burner Built In Natural Gas Grill,Fireside Appliance,"$8,395.00",https://encrypted-tbn2.gstatic.com/shopping?q=tbn:ANd9GcSwfY2ZcfhetpAfvn9l04rSN6u44d34fCb3acl-C6Tmwk7YrYHeJWXM189dfXItStB4Aavc4v0p9kShQfWAYmTuq-Bx3swd_PpgIQZJSDI,"https://www.google.com/search?ibp=oshop&q=A790i-8LAN&prds=localAnnotatedOfferId:1,productid:5743756709943408608,pvo:2,pvt:hg,rds:PC_6027158597472037202%7CPROD_PC_6027158597472037202&gl=us&udm=28&pvorigin=2",2025-11-05 15:11:49
A790i-8LAN,Fire Magic Aurora A790i 38-Inch Gas Grill,Modern Blaze,"$7,869.00",https://encrypted-tbn3.gstatic.com/shopping?q=tbn:ANd9GcTWAMo1c3WfqZsoVXplTpNx-4zLaxF61SQDMoyU51r0LGjZjx_NuN6XNyQioozIHBPzyZ1nj8K0e_D8UdKBcXRJKbk-a62iy0nePmzo46B-0ZoigayDrW60XA,"https://www.google.com/search?ibp=oshop&q=A790i-8LAN&prds=localAnnotatedOfferId:1,productid:7681613827177924440,pvo:2,pvt:hg,rds:PC_6027158597472037202%7CPROD_PC_6027158597472037202&gl=us&udm=28&pvorigin=2",2025-11-05 15:11:49
A790i-8LAN,Fire Magic E790i Echelon Diamond Built-In Gas Grill,BBQGuys,"$9,203.40",https://encrypted-tbn2.gstatic.com/shopping?q=tbn:ANd9GcQKNrqGsIpYofmQ2SGpaGZGi0ayN4PD1zb6r8oXge6R1XhV5FufQqVoYP1zT91Q2tTkU-ja-L_sqE-TtnpEtDJi3zKtltRcwZdvbVQYjzU,"https://www.google.com/search?ibp=oshop&q=A790i-8LAN&prds=localAnnotatedOfferId:1,catalogid:24849108411868235,pvo:2,pvt:hg,rds:PC_6027158597472037202%7CPROD_PC_6027158597472037202&gl=us&udm=28&pvorigin=2",2025-11-05 15:11:49
A790i-8LAN,"Fire Magic 36"" ECHelon Diamond Grill",BBQ Generals,"$9,617.40",https://encrypted-tbn0.gstatic.com/shopping?q=tbn:ANd9GcRJLUxgM-HJ5ezYJsvovQy4FUO5OV2lGey-PecTxRhU5jM-_1_piqIAJ9QgeKNdHeisnsHTL-ZCyOQZaxtD5lGL6h0NL3gT0POVaouACuUFqL0P8I3_BbXi,"https://www.google.com/search?ibp=oshop&q=A790i-8LAN&prds=localAnnotatedOfferId:1,productid:16485586526021249883,pvo:2,pvt:hg,rds:PC_6027158597472037202%7CPROD_PC_6027158597472037202&gl=us&udm=28&pvorigin=2",2025-11-05 15:11:49
A790i-8LAN,"Fire Magic Echelon E790i 36"" Gas Grill with Digital Thermometer and Cart Propane / Yes / No",BBQ Source Pro,"$13,572.00",https://encrypted-tbn3.gstatic.com/shopping?q=tbn:ANd9GcSpQB72ppIt5xyCULoKVSxdSD5UHcwjEcnEI_jFr11OLJYln64dObSiVC9h0fpN4i3rlRY6HRIKcZdlo5hGwWlboiNHZU-NggN2IzNjm1YUfsfFYnkNgX-C,"https://www.google.com/search?ibp=oshop&q=A790i-8LAN&prds=localAnnotatedOfferId:1,productid:15995400705789200723,pvo:2,pvt:hg,rds:PC_6027158597472037202%7CPROD_PC_6027158597472037202&gl=us&udm=28&pvorigin=2",2025-11-05 15:11:49
A790i-8LAN,FireMagic E790i Built-In Grill,Leisure Time Inc.,"$9,286.00",https://encrypted-tbn3.gstatic.com/shopping?q=tbn:ANd9GcSKjscmRTHhV2le74gUpoEPSTbyM5HLhZn0C75p8--hEsp-3yZ5DXvdgAQIG-XveL_LFI_km-PDw8R-j7BA0ZF-lwizd-waX3p1V5lAUsKdB5pxe1hg0dU_zQ,"https://www.google.com/search?ibp=oshop&q=A790i-8LAN&prds=localAnnotatedOfferId:1,productid:5863502206106785782,pvo:2,pvt:hg,rds:PC_6027158597472037202%7CPROD_PC_6027158597472037202&gl=us&udm=28&pvorigin=2",2025-11-05 15:11:49
A790i-8LAN,Fire Magic A790i Built-in Grill,BBQDepot,"$7,704.00",https://encrypted-tbn2.gstatic.com/shopping?q=tbn:ANd9GcS9SkU4shpnsB_Q1tMabowN0Dzj8NVxPBHLJYqrq3P-Ps64kdhKWdwrlvo0maDnkuq8eAqZ52oPAl-ikI7Jru7ikUZP93Nc4crRHasFuJvOZZDHiz662fzREA,"https://www.google.com/search?ibp=oshop&q=A790i-8LAN&prds=localAnnotatedOfferId:1,catalogid:15131751444186304884,pvo:2,pvt:hg,rds:PC_6027158597472037202%7CPROD_PC_6027158597472037202&gl=us&udm=28&pvorigin=2",2025-11-05 15:11:49
A790i-8LAN,"Fire Magic Diamond E790i 36"" Freestanding Propane Grill",BBQGuys,"$10,929.60",https://encrypted-tbn3.gstatic.com/shopping?q=tbn:ANd9GcTAiPPCOYS-rBJCjZlrl9lWX-Bvum-PJpadBjz-Zb-wPHEkfO-gGuC6qSHMJ2KDj8fKusa3gU5i7dBy6WeBnqAHA6NcVXfMU12z6_68TYSmUMuJGXfxlvx1,"https://www.google.com/search?ibp=oshop&q=A790i-8LAN&prds=localAnnotatedOfferId:1,productid:6152412772634264060,pvo:2,pvt:hg,rds:PC_6027158597472037202%7CPROD_PC_6027158597472037202&gl=us&udm=28&pvorigin=2",2025-11-05 15:11:49
A790i-8LAN,Fire Magic Diamond E790i 36-Inch Built-In Natural Gas Grill,BBQGirls,"$6,696.32",https://encrypted-tbn3.gstatic.com/shopping?q=tbn:ANd9GcTdUkg3vh0Tjb7pezZS3r_5xT8XvbckiXUGK6FsGsr8lVXr9JlNArP8OIDPYVfEOdLc60VvuVBYD45QDeiKssP-whA67rRJqc_A7HiWSC3pI5mHKfzpx7zl,"https://www.google.com/search?ibp=oshop&q=A790i-8LAN&prds=localAnnotatedOfferId:1,productid:17873078219179451471,pvo:2,pvt:hg,rds:PC_6027158597472037202%7CPROD_PC_6027158597472037202&gl=us&udm=28&pvorigin=2",2025-11-05 15:11:49
A790i-8LAN,Fire Magic Diamond E790I 36-Inch Freestanding Gas Grill,NYC Fireplaces & Outdoor Kitchens,"$11,380.50",https://encrypted-tbn1.gstatic.com/shopping?q=tbn:ANd9GcSxosvZZhqKTzNtZsk4juyUKuPuQQ95z--FW-E9U-e8zlyWhPYglEDCBco4kQGQ3InjU_vrpuOLKesDtDMxbj-KDqmh00mXiIbhkabHZr8qY0P-Kwoq6hV2Fg,"https://www.google.com/search?ibp=oshop&q=A790i-8LAN&prds=localAnnotatedOfferId:1,productid:1018073933117175705,pvo:2,pvt:hg,rds:PC_6027158597472037202%7CPROD_PC_6027158597472037202&gl=us&udm=28&pvorigin=2",2025-11-05 15:11:49
A790i-8LAN,"Fire Magic Diamond E790i 36"" Freestanding Propane Grill",BBQGuys,"$11,535.30",https://encrypted-tbn2.gstatic.com/shopping?q=tbn:ANd9GcRP3iMP_aGQ41SMNozDuNcpYUox2EwwtoHo9dX-Q8SKWEDJ_HZyft4X_MsWjoVfOQg_R3PXXferysLRIYHVgGbUrJqcxsYLAnXxjLjD9SFocMWT0uZ-_XXH,"https://www.google.com/search?ibp=oshop&q=A790i-8LAN&prds=localAnnotatedOfferId:1,productid:10763104707582180309,pvo:2,pvt:hg,rds:PC_6027158597472037202%7CPROD_PC_6027158597472037202&gl=us&udm=28&pvorigin=2",2025-11-05 15:11:49
A790i-8LAN,Fire Magic Aurora Grill Series,The Grill Doctor,"$6,200.00",https://encrypted-tbn1.gstatic.com/shopping?q=tbn:ANd9GcQwtlR5zJfYSdUD3pnGj9rXbN8hXMcAyK2iI7av-MsjjkFg5eSuEJ_N1uqdzWsFaC2n6z3np0Eu3OwgAaLOfnJtudqYdwFPbtVdIu0WCMUBWkBvScaWZO0Oew,"https://www.google.com/search?ibp=oshop&q=A790i-8LAN&prds=localAnnotatedOfferId:1,productid:11713027810803442702,pvo:2,pvt:hg,rds:PC_6027158597472037202%7CPROD_PC_6027158597472037202&gl=us&udm=28&pvorigin=2",2025-11-05 15:11:49
A790i-8LAN,Fire Magic Diamond E790i 36-Inch Freestanding Propane Grill,BBQGirls,"$9,104.40",https://encrypted-tbn2.gstatic.com/shopping?q=tbn:ANd9GcQhXEPrjQVl-IKu1dTxy9j7VqE4GUN6jR6SpGHhUNH1zNlRX_gCdsurwhRKQZhZRNq3K05mJGUHhKw_Yv-4NSCcZ2BCeD-6Tzs5Yqb7x0g,"https://www.google.com/search?ibp=oshop&q=A790i-8LAN&prds=localAnnotatedOfferId:1,productid:238808243448559323,pvo:2,pvt:hg,rds:PC_6027158597472037202%7CPROD_PC_6027158597472037202&gl=us&udm=28&pvorigin=2",2025-11-05 15:11:49
A790i-8LAN,"Fire Magic Diamond E790i 36"" Freestanding Propane Grill",BBQGuys,"$11,608.20",https://encrypted-tbn0.gstatic.com/shopping?q=tbn:ANd9GcTHW1HlvnmFUaSqHTKPqyl41SrsFssptqBJnu0FgNJOZ6vfiCeKnk38Uwlmme7GOf3RewTIodx0pU1cJSa4UKPfkwTcULz6bCUcK30b695wToBiBMW6VWoXkw,"https://www.google.com/search?ibp=oshop&q=A790i-8LAN&prds=localAnnotatedOfferId:1,productid:16123315538188599305,pvo:2,pvt:hg,rds:PC_6027158597472037202%7CPROD_PC_6027158597472037202&gl=us&udm=28&pvorigin=2",2025-11-05 15:11:49
A790i-8LAN,Fire Magic Grills Aurora 37 3/4 Inch Built-In Grill,The Home Selection,"$6,849.00",https://encrypted-tbn0.gstatic.com/shopping?q=tbn:ANd9GcR_vNqpOULAXVFW-znpMy4snNP0VpGy3Or-MP3Sb5jJebIyTcCDV6pBXUVu2IZB88XHIIeWI2I_LlCduEwIyWIbsaeU76IcFD311qnwDZ4KkAkX3NsJOMHg,"https://www.google.com/search?ibp=oshop&q=A790i-8LAN&prds=localAnnotatedOfferId:1,productid:1125000538235294559,pvo:2,pvt:hg,rds:PC_6027158597472037202%7CPROD_PC_6027158597472037202&gl=us&udm=28&pvorigin=2",2025-11-05 15:11:49
A790i-8LAN,FireMagic Built-In Grill E790i,Leisure Time Inc.,"$10,686.00",https://encrypted-tbn2.gstatic.com/shopping?q=tbn:ANd9GcS8hvM4hku3Re412vZZBzshhWks8Qv0Asxo46IYBQa7FDLyKUXZJEOtgkSnE7wBwBVNs3_RETpNq-b4wS8rua3C24UgSxHors0S7SuwTPVRjj_94WB9XE3N,"https://www.google.com/search?ibp=oshop&q=A790i-8LAN&prds=localAnnotatedOfferId:1,productid:1227340849871514501,pvo:2,pvt:hg,rds:PC_6027158597472037202%7CPROD_PC_6027158597472037202&gl=us&udm=28&pvorigin=2",2025-11-05 15:11:49
A790i-8LAN,Fire Magic Grills E790I-9L1P-W 37 Inch Built-In Grill,KBA - Home Studio,"$9,810.00",https://encrypted-tbn1.gstatic.com/shopping?q=tbn:ANd9GcS9yOpFZe7vWSXZxjv_cNtCK-znEzvRaPQHNkJ8D8YlBy6MVWwxe4B0mpUeipxJSx6U-xAKbYfQnRNz12evvqTEIdLH8yda3afCPg7XdwI4P7DnVbNBtzuu,"https://www.google.com/search?ibp=oshop&q=A790i-8LAN&prds=localAnnotatedOfferId:1,productid:10345504137987622236,pvo:2,pvt:hg,rds:PC_6027158597472037202%7CPROD_PC_6027158597472037202&gl=us&udm=28&pvorigin=2",2025-11-05 15:11:49
A790i-8LAN,"Fire Magic Echelon Diamond E790i 36-Inch Freestanding Gas Grill with Rotisserie, Magic Window & Digital Thermometer | E790i-9E1N-W+790-SC24",Grillio,"$12,214.80",https://encrypted-tbn2.gstatic.com/shopping?q=tbn:ANd9GcT1X2246N74fb2X-lHvFYumO6GlyI-eVYOXNSn4zL_tQPnVfPLQiP44CzvN57PyEA0tjD3bb67uq7_xsZSymtFFyFnm5T8fcAMsPML2GZ1iIENVcsWqEt3Z,"https://www.google.com/search?ibp=oshop&q=A790i-8LAN&prds=localAnnotatedOfferId:1,productid:16853873691073449517,pvo:2,pvt:hg,rds:PC_6027158597472037202%7CPROD_PC_6027158597472037202&gl=us&udm=28&pvorigin=2",2025-11-05 15:11:49
A790i-8LAN,Fire Magic Aurora A790 Built-In Gas Grill,BBQ Grill People,"$7,958.00",https://encrypted-tbn1.gstatic.com/shopping?q=tbn:ANd9GcQDxaRWNurAoxs1yvqssvpyLMqJEJi0qT8TLFIxC_QR7xhq-CpdzeFSQlyYUMTa2tYgyCnLOwya88OOBx9q_-sXys6urHiw1RROITFue7r1p6a7CI6NQ2PaYg,"https://www.google.com/search?ibp=oshop&q=A790i-8LAN&prds=localAnnotatedOfferId:1,productid:14012850086620355090,pvo:2,pvt:hg,rds:PC_6027158597472037202%7CPROD_PC_6027158597472037202&gl=us&udm=28&pvorigin=2",2025-11-05 15:11:49
A790i-8LAN,Fire Magic Aurora A790i 36-Inch Built-In Natural Gas Grills,On the Patio,"$6,612.30",https://encrypted-tbn3.gstatic.com/shopping?q=tbn:ANd9GcTpkYc-dRcPxNsyu9e4KFBeh8xbfViP8Wd4X7dtOzO4yYIEjYnt_zEGcCK02iCXpdwMSVuOv7KNvl3CMx9XrBmKM0pDesV5ZWmx4vzr2ig8oH5DZ1BY-V5nsw,"https://www.google.com/search?ibp=oshop&q=A790i-8LAN&prds=localAnnotatedOfferId:1,productid:10913288207950018154,pvo:2,pvt:hg,rds:PC_6027158597472037202%7CPROD_PC_6027158597472037202&gl=us&udm=28&pvorigin=2",2025-11-05 15:11:49
A790i-8LAN,Fire Magic | E790s Portable Grill and Power Burner with Analog Thermometer Propane / Yes / All Cast Stainless Steel,The Outdoor Appliance Store,"$11,284.20",https://encrypted-tbn1.gstatic.com/shopping?q=tbn:ANd9GcT8GkgGvVWpJ0llcMLShddF4-jdxB4YXNGrRdlvpzqaSRwZmwRr70bX_V6KWRF9JQcpiwoTuolXZ5V3NNE83P2sDvWZwGlLox_DnT7Tie3-7HY8VLGQyiclAg,"https://www.google.com/search?ibp=oshop&q=A790i-8LAN&prds=localAnnotatedOfferId:1,productid:15305806420374139826,pvo:2,pvt:hg,rds:PC_6027158597472037202%7CPROD_PC_6027158597472037202&gl=us&udm=28&pvorigin=2",2025-11-05 15:11:49
A790i-8LAN,Fire Magic Diamond E790i 36-Inch Freestanding Gas Grill,Pro Grill,"$11,251.17",https://encrypted-tbn2.gstatic.com/shopping?q=tbn:ANd9GcQEQXV0MdOn_6wVwMQbX-I_6RgCh-Cm8xkjDNdd_wf3w8Xqvah8rDOWQ7bBWjOHc3COhudLkcCCkVrcWrCZosLiheKY15bo-cvWCP21RFv56MRwp7qnd0WQ,"https://www.google.com/search?ibp=oshop&q=A790i-8LAN&prds=localAnnotatedOfferId:1,productid:14797646929876537197,pvo:2,pvt:hg,rds:PC_6027158597472037202%7CPROD_PC_6027158597472037202&gl=us&udm=28&pvorigin=2",2025-11-05 15:11:49
A790i-8LAN,Fire Magic 36-Inch Echelon Diamond E790I Portable Analog Cart Mount Gas Grills,Alfresco Department,"$10,715.40",https://encrypted-tbn2.gstatic.com/shopping?q=tbn:ANd9GcTKVVeZFFQzYNOvlB26qfI4tmODDb-xGIBFWHT5lVORZi9xtOJ7_LUSHV7BG5FG1ZpTBpX3Zv69oGc0F5op3j4gqdl-l_IM5wzfTvzQEoQj_PraTG32OJhK,"https://www.google.com/search?ibp=oshop&q=A790i-8LAN&prds=localAnnotatedOfferId:1,productid:11637122336788423664,pvo:2,pvt:hg,rds:PC_6027158597472037202%7CPROD_PC_6027158597472037202&gl=us&udm=28&pvorigin=2",2025-11-05 15:11:49
A790i-8LAN,E790i-9EAN,Hearthside,"$8,524.80",https://encrypted-tbn0.gstatic.com/shopping?q=tbn:ANd9GcR2pXvKnYBKatr_ZgKfzwThm2zfqae1pMmReIXL0INtYeNidsPCoeIYKSJLn4_5pKebVZgAbwLxp09VZwgHstNrE_Vv3zKpOjImpwiXhC1MfAXQZF9rhU7hcw,"https://www.google.com/search?ibp=oshop&q=A790i-8LAN&prds=localAnnotatedOfferId:1,productid:14214881899152635063,pvo:2,pvt:hg,rds:PC_6027158597472037202%7CPROD_PC_6027158597472037202&gl=us&udm=28&pvorigin=2",2025-11-05 15:11:49
A790i-8LAN,"Fire Magic Diamond 36"" Built-In Gas Grill with Digital Thermometer",Mod Living Spaces,"$9,810.00",https://encrypted-tbn0.gstatic.com/shopping?q=tbn:ANd9GcSzZdXH-Ef6eyB8jM10uG4vY7kxkkacjwjnNZy-wekoSSLP4Qv9sQm7DHGt1pE844xx9FXYLvH8Ce1flNV1VtVIha-sbB9bdA,"https://www.google.com/search?ibp=oshop&q=A790i-8LAN&prds=localAnnotatedOfferId:1,productid:2319311011273248433,pvo:2,pvt:hg,rds:PC_6027158597472037202%7CPROD_PC_6027158597472037202&gl=us&udm=28&pvorigin=2",2025-11-05 15:11:49
A790i-8LAN,"Fire Magic Echelon Diamond E790i 36-Inch Freestanding Gas Grill with Rotisserie, Left Side Infrared Burner & Digital Thermometer | E790i-9L1N+790-SC24",Grillio,"$11,535.30",https://encrypted-tbn3.gstatic.com/shopping?q=tbn:ANd9GcSDRFwc3SNlYkKca8ihbFLNwnNKNfqB9qQK70WOyGXDJx2pUebncm8fMbhCmBtzezbWMVkD9IcOGzrtBv65nVnm6C29JPR_p5lCfg-4-u3PunHYhWVr2vVr,"https://www.google.com/search?ibp=oshop&q=A790i-8LAN&prds=localAnnotatedOfferId:1,productid:10520932749349249931,pvo:2,pvt:hg,rds:PC_6027158597472037202%7CPROD_PC_6027158597472037202&gl=us&udm=28&pvorigin=2",2025-11-05 15:11:49
A790i-8LAN,Fire Magic Diamond E790i 36-Inch Freestanding Gas Grill,Pro Grill,"$11,874.87",https://encrypted-tbn2.gstatic.com/shopping?q=tbn:ANd9GcQ805GiVWr2Au1QO_WnF1OPoqDkmV9fqe7NcbVLnHS5fBd_WCNT5-hQqpWBdM4Fx7TdRGHjX1lCICfFLydsPJsFCoOd-uwr0WU131WZfSHu4kYi8PliAZp5,"https://www.google.com/search?ibp=oshop&q=A790i-8LAN&prds=localAnnotatedOfferId:1,productid:10526848460898982699,pvo:2,pvt:hg,rds:PC_6027158597472037202%7CPROD_PC_6027158597472037202&gl=us&udm=28&pvorigin=2",2025-11-05 15:11:49
A790i-8LAN,"FireMagic E790i 36"" Built-In Grill with Analog Thermometer",Hangout Haven,"$9,194.00",https://encrypted-tbn3.gstatic.com/shopping?q=tbn:ANd9GcT9UTJMwEv1NdoD91TmvoTm-2KWGWvOgZHXUiB_QbLblAZJ0baEC1S3834lTtUbkVjmh8mvCOFPyPLfyO3qI_es8ihsc2RppTB5lVwS3YNBGtbu3MdHZsPB,"https://www.google.com/search?ibp=oshop&q=A790i-8LAN&prds=localAnnotatedOfferId:1,productid:11976192064323664040,pvo:2,pvt:hg,rds:PC_6027158597472037202%7CPROD_PC_6027158597472037202&gl=us&udm=28&pvorigin=2",2025-11-05 15:11:49
A790i-8LAN,"Fire Magic Digital ECHelon Diamond E790i 40"" Built-In Gas Grill",Embers Fireplaces and Outdoor Living,"$10,145.00",https://encrypted-tbn0.gstatic.com/shopping?q=tbn:ANd9GcQF9byFnNfZ-VLe27gjvLooDlW2UZlRhgdQcjJhrWvTSNncT-3KbQd0lGmhN285vF9rb1rLvlq5ERGlsGzVmPHP5TGeKe7MQzEbK-PVV47p,"https://www.google.com/search?ibp=oshop&q=A790i-8LAN&prds=localAnnotatedOfferId:1,productid:2629905439832501951,pvo:2,pvt:hg,rds:PC_6027158597472037202%7CPROD_PC_6027158597472037202&gl=us&udm=28&pvorigin=2",2025-11-05 15:11:49
A790i-8LAN,E790i-9LAN-W,Hearthside,"$9,203.40",https://encrypted-tbn2.gstatic.com/shopping?q=tbn:ANd9GcSr8rL_s5ckt3mWUKnSvvmXwY3Xr7aWmliDMCFTOcDxfqR-uBAZMN0w7Hq1xwxA6UmgSeb4XeekEgIUpEElmgvf0o0TtV6_LDT63K9MpnJHawOlqyAvx8mwFw,"https://www.google.com/search?ibp=oshop&q=A790i-8LAN&prds=localAnnotatedOfferId:1,productid:7445423011078711817,pvo:2,pvt:hg,rds:PC_6027158597472037202%7CPROD_PC_6027158597472037202&gl=us&udm=28&pvorigin=2",2025-11-05 15:11:49
A790i-8LAN,Fire Magic Echelon Diamond E790i 40-Inch Built-In Gas Grill | Stainless Steel | E790i-9 SERIES,Grillio,"$8,524.80",https://encrypted-tbn2.gstatic.com/shopping?q=tbn:ANd9GcSwXdA82TsVXtVUgosFqpN7wcrmv6lQlEucj0vV0Qb1qQIH1nnPFtvx-W0iGCcMXJdhk6YMwVEHwhxUmHot-NgfmRRcRDQqV9SEhvOrtCbnftHEVPKDbHNraw,"https://www.google.com/search?ibp=oshop&q=A790i-8LAN&prds=localAnnotatedOfferId:1,productid:1771572887381315375,pvo:2,pvt:hg,rds:PC_6027158597472037202%7CPROD_PC_6027158597472037202&gl=us&udm=28&pvorigin=2",2025-11-05 15:11:49
A790i-8LAN,"FireMagic E790i 36"" Built-In Grill",Hangout Haven,"$10,580.00",https://encrypted-tbn2.gstatic.com/shopping?q=tbn:ANd9GcQ9Lhbr7HGdht9zxWE6Q7Wwk4BAZB-sPq3xjH_n0O8JPNgiPLFMmQL9OuCKu8pcxQmgxvMFB51rObmIbLVLuDX7xRzXwqFVZ4HMEzND5X4jK30cH50ReQz_,"https://www.google.com/search?ibp=oshop&q=A790i-8LAN&prds=localAnnotatedOfferId:1,productid:10233919634860766509,pvo:2,pvt:hg,rds:PC_6027158597472037202%7CPROD_PC_6027158597472037202&gl=us&udm=28&pvorigin=2",2025-11-05 15:11:49
A790i-8LAN,"FireMagic E790i 36"" Built-In Grill",Hangout Haven,"$9,194.00",https://encrypted-tbn0.gstatic.com/shopping?q=tbn:ANd9GcSDGglkaWvoKEzG6wUxu1vjknx5yiEeO78r-i-owEYBoZxURGNLYV6mpgwe31JcGC-1NuKV0YJxMXr4sLFUUKdm6_u_nFhuj-EcqbnejbpeXTlvTOW9goCYHw,"https://www.google.com/search?ibp=oshop&q=A790i-8LAN&prds=localAnnotatedOfferId:1,productid:5940195898637430317,pvo:2,pvt:hg,rds:PC_6027158597472037202%7CPROD_PC_6027158597472037202&gl=us&udm=28&pvorigin=2",2025-11-05 15:11:49
A660i-8EAN,Fire Magic Aurora 30-Inch Built-In Natural Gas Grill with Rotisserie and Analog Thermometer,Fire Magic Store,"$6,742.80",https://encrypted-tbn2.gstatic.com/shopping?q=tbn:ANd9GcTK3Jee_SRASzKjbI7o34u33qS7o4k1qkEzlgfDSM5W2BJ4fYFdEm-qsiuFKXkSRPzQFnUdnEhmNhIUNXV4e02v1QdtdGx5h-UaVnkvp2GIvao3sSl3e4eU_A,"https://www.google.com/search?ibp=oshop&q=A660i-8EAN&prds=localAnnotatedOfferId:1,catalogid:13301200108128676059,pvo:2,pvt:hg,rds:PC_6027158597472037202%7CPROD_PC_6027158597472037202&gl=us&udm=28&pvorigin=2",2025-11-05 15:11:49
A660i-8EAN,"Fire Magic Aurora A660i 30"" Built-In Gas BBQ Grill",Marvellesures,"$5,499.00",https://encrypted-tbn1.gstatic.com/shopping?q=tbn:ANd9GcRz38dvk2OsQyi6ily1LdQtxXwGlbtMGnTqp6imPIOjj8dlD1EIrTGfPzu3yUTY93K10RwJW46Gah_gqp2v7Aco9yIh5XLB-RVQSNFzxEiveQYRDxHvvz3g,"https://www.google.com/search?ibp=oshop&q=A660i-8EAN&prds=localAnnotatedOfferId:1,catalogid:9049330567615756653,pvo:2,pvt:hg,rds:PC_6027158597472037202%7CPROD_PC_6027158597472037202&gl=us&udm=28&pvorigin=2",2025-11-05 15:11:49
A660i-8EAN,Fire Magic Aurora A660i Natural Gas Grill,Atlantic Outdoor Kitchens,"$6,724.80",https://encrypted-tbn1.gstatic.com/shopping?q=tbn:ANd9GcSYVoGQKOh7sSMmQMR12jZlb-3ALJVCjYg_nUl9OsIoFzoDKJ8ZPnxyUbjLpHSeiQJ2islbP24Ec883g2AoJx6C8gJcKXrfpqlbq67bepOO781qYazU5YwWBQ,"https://www.google.com/search?ibp=oshop&q=A660i-8EAN&prds=localAnnotatedOfferId:1,productid:8309193891246155824,pvo:2,pvt:hg,rds:PC_6027158597472037202%7CPROD_PC_6027158597472037202&gl=us&udm=28&pvorigin=2",2025-11-05 15:11:49
A660i-8EAN,Fire Magic Aurora A660i 33-Inch Built-In Gas Grill,Patio Fever,"$7,492.00",https://encrypted-tbn1.gstatic.com/shopping?q=tbn:ANd9GcSzZ-6yL9UbLaHiqbD4GEtIgdt_4BRdyOhbdFiT_XlCzpSkuqV-LKNNPgb_IM3jZnQFliYsEHa2kVdlGhtsmIG70IYzUvGRfX66StUB1wlXlDtkiOdH-79O,"https://www.google.com/search?ibp=oshop&q=A660i-8EAN&prds=localAnnotatedOfferId:1,productid:7346940710649345859,pvo:2,pvt:hg,rds:PC_6027158597472037202%7CPROD_PC_6027158597472037202&gl=us&udm=28&pvorigin=2",2025-11-05 15:11:49
A660i-8EAN,Fire Magic Aurora A660i Propane Grill,Atlantic Outdoor Kitchens,"$6,642.90",https://encrypted-tbn1.gstatic.com/shopping?q=tbn:ANd9GcQcFIEYru8Nrzdjk5CR-5M8KB8Y0UP11oWgQch9aehpN-wSHx9-74JJDmqNZBwpIBZBEYTpzUYrYv6HuhIvcZseCF0x9N7qdWBK24tKmpBeJ8Q3CFBOI1pPsw,"https://www.google.com/search?ibp=oshop&q=A660i-8EAN&prds=localAnnotatedOfferId:1,productid:14737754055481671874,pvo:2,pvt:hg,rds:PC_6027158597472037202%7CPROD_PC_6027158597472037202&gl=us&udm=28&pvorigin=2",2025-11-05 15:11:49
A660i-8EAN,Alienware 16 Aurora AI Gaming Laptop,Newegg.com - DealKing,"$2,635.24",https://encrypted-tbn2.gstatic.com/shopping?q=tbn:ANd9GcTH9O8OuVIcGT8uDUMosPQdjpYTeRdMXbSjTIZu68jD1i_mpWj0jMIs5kf8UmRSYO-mrh5eM4TmiYOGwuwkGwaXdNyJ43in-MefNPv8y_L62IYqAgS72pSx,"https://www.google.com/search?ibp=oshop&q=A660i-8EAN&prds=localAnnotatedOfferId:1,productid:5944871745257209682,pvo:2,pvt:hg,rds:PC_6027158597472037202%7CPROD_PC_6027158597472037202&gl=us&udm=28&pvorigin=2",2025-11-05 15:11:49
A660i-8EAN,Sony Alpha A6600 Lens with Sony Fe 85mm f/1.8 Lens and 32GB EXT Bat+ 3 PC Filter,eBay - tri-state-camera,"$1,539.99",https://encrypted-tbn1.gstatic.com/shopping?q=tbn:ANd9GcReIr6mIBXKN2399UUzZlVxzScxn0T2EI78UyJz71cXNE85N_r8teBK88XTPI9U3ATKYiBPiyQmY1y1IDOQ_YtZd3ulAm6XvxDvKujDDex8JOQg5VgIZBsfug,"https://www.google.com/search?ibp=oshop&q=A660i-8EAN&prds=localAnnotatedOfferId:1,catalogid:5109754358972031387,pvo:2,pvt:hg,rds:PC_6027158597472037202%7CPROD_PC_6027158597472037202&gl=us&udm=28&pvorigin=2",2025-11-05 15:11:49
A660i-8EAN,A660i-8EAN,Hearthside,"$6,421.50",https://encrypted-tbn2.gstatic.com/shopping?q=tbn:ANd9GcTrvoB-DwprjHD2m2Z5W0zoZpU71KbcRapf4AeDflJonD0__fZrtDDjtezCNzxs8DVl2H4N_BK8wzNXeoKNQyvf17n7PrrcxiDkBJ6Vqmc2Sd4Sw24PMSpqPw,"https://www.google.com/search?ibp=oshop&q=A660i-8EAN&prds=localAnnotatedOfferId:1,productid:8573994052223665649,pvo:2,pvt:hg,rds:PC_6027158597472037202%7CPROD_PC_6027158597472037202&gl=us&udm=28&pvorigin=2",2025-11-05 15:11:49
A660i-8EAN,Sony a6600 Mirrorless Camera,Crutchfield,"$1,398.00",https://encrypted-tbn0.gstatic.com/shopping?q=tbn:ANd9GcSHEgMtm-aI5jNoVwJA_cbyLAfOPuzQzk85f-myaFplbRNc_m-gYlquHK6jaoyl9NCs9ZNBlWR8CRuwUF_ScCPuzJ6WJn7VwZhA98KFtfD70Ldz5YRt0X-5,"https://www.google.com/search?ibp=oshop&q=A660i-8EAN&prds=localAnnotatedOfferId:1,catalogid:17007528427822855366,pvo:2,pvt:hg,rds:PC_6027158597472037202%7CPROD_PC_6027158597472037202&gl=us&udm=28&pvorigin=2",2025-11-05 15:11:49
A660i-8EAN,"a6600 Camera with 18-135mm Lens, 16-50mm Lens, UV Filter, 64GB Bag, and",TriStateCamera.com,"$1,968.00",https://encrypted-tbn2.gstatic.com/shopping?q=tbn:ANd9GcQmYLrkOwAxa3Lb6_PkfgZuJ5vBMTUJw2By1AalrDjbDcBBL_XxMDdLJs1XUx_b7EP3jlBbUl2WXX7AfSzvEy61AS--qMoT5RpwrIGeODYCoz4ngzhhcJLpDg,"https://www.google.com/search?ibp=oshop&q=A660i-8EAN&prds=localAnnotatedOfferId:1,productid:8549347498801366897,pvo:2,pvt:hg,rds:PC_6027158597472037202%7CPROD_PC_6027158597472037202&gl=us&udm=28&pvorigin=2",2025-11-05 15:11:49
A660i-8EAN,Sony Alpha A6600 Lens 128GB Ext Bat+ 3 Pc,eBay - tri-state-camera,"$1,542.99",https://encrypted-tbn1.gstatic.com/shopping?q=tbn:ANd9GcQffijNqkj4QKQGkAqHgVGsbNtkkoK2m0r1nLp9ea5-Te8in8qoGVDmuFbpQ_vRUN4SlQ60eiRPnmePTyvSIfiydkLWV86f6RTxH0lYgk8DEhFEGsduuO8u,"https://www.google.com/search?ibp=oshop&q=A660i-8EAN&prds=localAnnotatedOfferId:1,productid:12446174034348003899,pvo:2,pvt:hg,rds:PC_6027158597472037202%7CPROD_PC_6027158597472037202&gl=us&udm=28&pvorigin=2",2025-11-05 15:11:49
A660i-8EAN,Sony A6600 Mirrorless Camera 64GB Bag Screen Protector Basic Kit,eBay - tri-state-camera,"$1,027.99",https://encrypted-tbn3.gstatic.com/shopping?q=tbn:ANd9GcRkVzaO3p1pkM1hccgc2FTeS6B2WoYIeSfUgsbqiB_nm_idnxB6ZDHF0lHsYLPtWVhk-FkbjbhF_73YHCYcYRpmDoA2TbXCagrdRo-8NpjE_wLWgKzWOe1GhA,"https://www.google.com/search?ibp=oshop&q=A660i-8EAN&prds=localAnnotatedOfferId:1,productid:4216116009814711873,pvo:2,pvt:hg,rds:PC_6027158597472037202%7CPROD_PC_6027158597472037202&gl=us&udm=28&pvorigin=2",2025-11-05 15:11:49
A660i-8EAN,Sony Alpha A6600 Lens with Sony Fe 85mm f/1.8 Lens and 32GB Bag for UV Filter Basic Kit,Walmart - Seller,"$1,505.99",https://encrypted-tbn1.gstatic.com/shopping?q=tbn:ANd9GcR1bDYB-5vdbKuO9BoRtk8BQubZ0QtvyqnmzP6cbvy0DeXSp9znnfcT6d6XZ3i7jkUXsjEeE43_00BFc2PUIiaxiDzEi7-TXhiwsnqbpT_ArpngNFBRhQXAeQ,"https://www.google.com/search?ibp=oshop&q=A660i-8EAN&prds=localAnnotatedOfferId:1,catalogid:15101446137593580516,pvo:2,pvt:hg,rds:PC_6027158597472037202%7CPROD_PC_6027158597472037202&gl=us&udm=28&pvorigin=2",2025-11-05 15:11:49
A660i-8EAN,Sony Alpha A6600 FE 85mm f/1.4 Lens 128GB EXT Bat+ 3 PC Filter-Kit International Version,eBay - tri-state-camera,"$2,802.99",https://encrypted-tbn1.gstatic.com/shopping?q=tbn:ANd9GcRw_LGuajIf4yrNqOKANoCqsAWo0P1ti-LS9R4VPU7TLiROwuCDpADSzpZ81wILd8KMC3yVnRExBBoNGw_8CepICauZIWFnTV3Sy5JQ_xOS5mVLqnEm1sMdUg,"https://www.google.com/search?ibp=oshop&q=A660i-8EAN&prds=localAnnotatedOfferId:1,catalogid:16046413411477727247,pvo:2,pvt:hg,rds:PC_6027158597472037202%7CPROD_PC_6027158597472037202&gl=us&udm=28&pvorigin=2",2025-11-05 15:11:49
A660i-8EAN,Sony Alpha A6600 Mirrorless Camera Body with Sel18135 E Lens,eBay,"$1,788.00",https://encrypted-tbn2.gstatic.com/shopping?q=tbn:ANd9GcTeO-FbW2KuQaZic4UFXFxhjqYGYsjbHnJOeGaj_Ecaxel16NW9-gpyyIBCSggmLXNvhSbdN-dMu9GlBrNjFCBr5H-kzpdh9Wf0IKXSfEbQUJj3YVdwEnq6JA,"https://www.google.com/search?ibp=oshop&q=A660i-8EAN&prds=localAnnotatedOfferId:1,productid:6365216931536386464,pvo:2,pvt:hg,rds:PC_6027158597472037202%7CPROD_PC_6027158597472037202&gl=us&udm=28&pvorigin=2",2025-11-05 15:11:49
A660i-8EAN,a6600 Mirrorless Camera with 32GB Extra Battery and Tripod,TriStateCamera.com,"$1,042.00",https://encrypted-tbn1.gstatic.com/shopping?q=tbn:ANd9GcT29frioswLbhuywbmIQUuh1lRqbqXI951tngYKZdNzffUtWpws9qD346Jk-vnJodIO-ezhqq_S4hzj0rJZoCZT4rSWqKre0mGci4FtmnxcOJUg6DTxKb10,"https://www.google.com/search?ibp=oshop&q=A660i-8EAN&prds=localAnnotatedOfferId:1,productid:10735298925516512585,pvo:2,pvt:hg,rds:PC_6027158597472037202%7CPROD_PC_6027158597472037202&gl=us&udm=28&pvorigin=2",2025-11-05 15:11:49
A660i-8EAN,Sony Alpha A6600 FE 16-35mm f/2.8 GM II Lens 32GB EXT Bat+ 3 PC Filter-,eBay - tri-state-camera,"$3,329.99",https://encrypted-tbn1.gstatic.com/shopping?q=tbn:ANd9GcQzQ90Ft1zbIVdH9KSO6HQqV-C4jg0ggCV2i2ZYKQHATZUBIGcskH39htXZLJXt_92oUvCbiD45dKnuIwNygr3B6UliKkoMJyontZIb6Ug0Sz6UqrEYV09W,"https://www.google.com/search?ibp=oshop&q=A660i-8EAN&prds=localAnnotatedOfferId:1,catalogid:4111943145687487255,pvo:2,pvt:hg,rds:PC_6027158597472037202%7CPROD_PC_6027158597472037202&gl=us&udm=28&pvorigin=2",2025-11-05 15:11:49
A660i-8EAN,Sony A6600 FE 70-200mm f/4 Macro G OSS II Lens,Walmart - Seller,"$2,735.99",https://encrypted-tbn1.gstatic.com/shopping?q=tbn:ANd9GcRfBIVuxInyWeWnx7BDBII5Y1V3iTTvb4j0nDYPhpaNdgxecVccNfahNAuVALHnmTKycIE_9EH8I8MOxK1KUtxXre2glC20W-F7n0APdNazHsNo9WbYC8yZ,"https://www.google.com/search?ibp=oshop&q=A660i-8EAN&prds=localAnnotatedOfferId:1,catalogid:3896840738994619655,pvo:2,pvt:hg,rds:PC_6027158597472037202%7CPROD_PC_6027158597472037202&gl=us&udm=28&pvorigin=2",2025-11-05 15:11:49
A660i-8EAN,Sony Alpha A6600 Lens with Sony Fe 40mm F/2.5 Lens and 64GB Ext Bat+ (3 Pc,eBay - tri-state-camera,"$1,727.99",https://encrypted-tbn3.gstatic.com/shopping?q=tbn:ANd9GcT1gNeTM5wRedzGOqBM7lBVieYEhZC8UzaUVqOJHezc2CwcBIzY4gvc_KeCeR5hVI4ey7swsRMdi2mJqqo4O1u6xHP-DWNtWlIVJmszfBEJiwt8gkuA32e6,"https://www.google.com/search?ibp=oshop&q=A660i-8EAN&prds=localAnnotatedOfferId:1,productid:5320537537812935117,pvo:2,pvt:hg,rds:PC_6027158597472037202%7CPROD_PC_6027158597472037202&gl=us&udm=28&pvorigin=2",2025-11-05 15:11:49
A660i-8EAN,Sony Alpha A6600 Lens 128GB EXT Bat+ 3 PC Filter-Kit International Version,eBay - tri-state-camera,"$1,729.99",https://encrypted-tbn3.gstatic.com/shopping?q=tbn:ANd9GcQ8XhkOq1JT3FUc_t_LAfVlHsLN1mAyhx2wn8jW6V56RsF_aMT3Si0KASwhenIB_eAqsC5z1s6RNbO6ODCEm4IHCOXA0Zc4JiY2FMzM3mmLdoohbZYUq4Sz,"https://www.google.com/search?ibp=oshop&q=A660i-8EAN&prds=localAnnotatedOfferId:1,catalogid:2649991125814417487,pvo:2,pvt:hg,rds:PC_6027158597472037202%7CPROD_PC_6027158597472037202&gl=us&udm=28&pvorigin=2",2025-11-05 15:11:49
A660i-8EAN,a6600 Mirrorless Camera with 64GB Extra Battery and Tripod,TriStateCamera.com,"$1,043.00",https://encrypted-tbn3.gstatic.com/shopping?q=tbn:ANd9GcTbJg1Ho4KwSudr70HCWpBogAWfKTAmPHSADP8wbht-hDi-ShgwLw9yTW5WSqlsdwLepO3qwBcg-M03Uo_aW68EiAWOIgMUiG0EsXp3MF-9i5sIVeQ-Vq7R,"https://www.google.com/search?ibp=oshop&q=A660i-8EAN&prds=localAnnotatedOfferId:1,productid:3904989989541747136,pvo:2,pvt:hg,rds:PC_6027158597472037202%7CPROD_PC_6027158597472037202&gl=us&udm=28&pvorigin=2",2025-11-05 15:11:49
A660i-8EAN,Sony Alpha A6600 Lens with 32GB EXT Bat+ 3 PC Filter-Kit,eBay - tri-state-camera,"$1,726.99",https://encrypted-tbn0.gstatic.com/shopping?q=tbn:ANd9GcRuND9SchtPcrDZwS3IvobxS9neJ2pbsLqG-lFRmdAn_OAoxjK9UvSelMeBIY7jc0_uzdsBt49G1v1uOov9fysaZiiHbNMfWsmCTKiHpvPTDa5C-S6yusKXsQ,"https://www.google.com/search?ibp=oshop&q=A660i-8EAN&prds=localAnnotatedOfferId:1,catalogid:12975829637915425671,pvo:2,pvt:hg,rds:PC_6027158597472037202%7CPROD_PC_6027158597472037202&gl=us&udm=28&pvorigin=2",2025-11-05 15:11:49
A660i-8EAN,Sony Alpha A6600 with Sony Fe 85mm f/1.8 Lens and 64GB Lens,Walmart - Seller,"$1,621.99",https://encrypted-tbn1.gstatic.com/shopping?q=tbn:ANd9GcS7PZAh_1SlZiaWgDs3OkPIV6x7aioRbVEcRSKBlqfUIjkrcG6Git_TmySSNGiaal82AkkdRVDJQq5IZvm2zT5MJRve2bGxcNJXEBU1mCWJ,"https://www.google.com/search?ibp=oshop&q=A660i-8EAN&prds=localAnnotatedOfferId:1,catalogid:2212193467471728239,pvo:2,pvt:hg,rds:PC_6027158597472037202%7CPROD_PC_6027158597472037202&gl=us&udm=28&pvorigin=2",2025-11-05 15:11:49
A660i-8EAN,a6600 Mirrorless Camera ULTIMATE Kit,TriStateCamera.com,"$1,067.00",https://encrypted-tbn2.gstatic.com/shopping?q=tbn:ANd9GcQxwKiN1c4fdg_ZB-l6A9CgFskfRinwKEvMxDSvAk9YvL2KJHebeN5XyHl1pmC9Xd-3ZpYlOJ6Pyyk3dxWy33lBBppuxrLf,"https://www.google.com/search?ibp=oshop&q=A660i-8EAN&prds=localAnnotatedOfferId:1,productid:7812255528476237637,pvo:2,pvt:hg,rds:PC_6027158597472037202%7CPROD_PC_6027158597472037202&gl=us&udm=28&pvorigin=2",2025-11-05 15:11:49
A660i-8EAN,Sony A6600 Lens,eBay,"$1,800.00",https://encrypted-tbn3.gstatic.com/shopping?q=tbn:ANd9GcRpIeooSh_OsTiw8kNWUCc5q4rClltZETVa7uX-yq0jfHxrAzwSq2VKzClXc2Oa07d3Kxeui2MfpYN8Hp7gL7hV_3YbAQnYlnOjqZnA5pLOV5ax58JrLxztxg,"https://www.google.com/search?ibp=oshop&q=A660i-8EAN&prds=localAnnotatedOfferId:1,productid:5491292878040108908,pvo:2,pvt:hg,rds:PC_6027158597472037202%7CPROD_PC_6027158597472037202&gl=us&udm=28&pvorigin=2",2025-11-05 15:11:49
A660i-8EAN,a6600 Mirrorless Camera with 128GB Bag and Screen Protector,TriStateCamera.com,"$1,030.00",https://encrypted-tbn0.gstatic.com/shopping?q=tbn:ANd9GcT7EiCofl7qvK7unMQOGhABd2negv8QBz0UgkJ3ZPZpFchxjTYtM70BsKYbSA_vl6M_DUABawDPLUIy0DZbuU9P99ENSudxMfYFFCrf0SB9GREOAMAoCxp8pQ,"https://www.google.com/search?ibp=oshop&q=A660i-8EAN&prds=localAnnotatedOfferId:1,productid:13362107483905136864,pvo:2,pvt:hg,rds:PC_6027158597472037202%7CPROD_PC_6027158597472037202&gl=us&udm=28&pvorigin=2",2025-11-05 15:11:49
A660i-8EAN,Sony A6600 Mirrorless Camera,eBay - tri-state-camera,"$1,067.99",https://encrypted-tbn1.gstatic.com/shopping?q=tbn:ANd9GcSEzV1uLOHu7pspJYZ7WWmLU85jA_r_XaEZXkMS_mnugOFqG3U0fW3qPbhNHq7BishKT4kNazUPqFJ_8NpBSuVFPgGzQgwqvaQNcX0T6l0,"https://www.google.com/search?ibp=oshop&q=A660i-8EAN&prds=localAnnotatedOfferId:1,productid:9109176618108534404,pvo:2,pvt:hg,rds:PC_6027158597472037202%7CPROD_PC_6027158597472037202&gl=us&udm=28&pvorigin=2",2025-11-05 15:11:49
A660i-8EAN,a6600 Camera with 18-135mm Lens and 10-18mm f/4 OSS Lens,TriStateCamera.com,"$2,543.00",https://encrypted-tbn1.gstatic.com/shopping?q=tbn:ANd9GcRxlUeh-NkiT2d-jDFu6X9PsHpXD6KBqeTBm6NK5diRFeh_sNNO9MAWbdfgY8iCn3eW41ovjK_GBx7rlGGIMLFNi_xO6tKaZw,"https://www.google.com/search?ibp=oshop&q=A660i-8EAN&prds=localAnnotatedOfferId:1,productid:12614487964033506303,pvo:2,pvt:hg,rds:PC_6027158597472037202%7CPROD_PC_6027158597472037202&gl=us&udm=28&pvorigin=2",2025-11-05 15:11:49
A660i-8EAN,Sony A6600 Mirrorless Camera,eBay - tri-state-camera,"$1,041.99",https://encrypted-tbn1.gstatic.com/shopping?q=tbn:ANd9GcS3rfiLy2eQIufOxvp1lfnBKCaDdktjPoRPPvemzqnHxHRlo2PYSHniuRiK_MsbdhsoY1Nlj17fpPnMu3H6oa66yf5bVHsUcWG2xQzYpxDLPewYBvJelQX0,"https://www.google.com/search?ibp=oshop&q=A660i-8EAN&prds=localAnnotatedOfferId:1,productid:13048832064592408509,pvo:2,pvt:hg,rds:PC_6027158597472037202%7CPROD_PC_6027158597472037202&gl=us&udm=28&pvorigin=2",2025-11-05 15:11:49
A660i-8EAN,a6600 Camera with 18-135mm Lens and 10-18mm f/4 OSS Lens,TriStateCamera.com,"$2,536.00",https://encrypted-tbn1.gstatic.com/shopping?q=tbn:ANd9GcQZ0-GBEWsdFG9QzeckLv_5b9vsA4-iQhHKz-l601X7U39PcOtG8d46F0dCgikQ83qcdItfjwTHsCjq6JZRp_rRxMSZVmy_,"https://www.google.com/search?ibp=oshop&q=A660i-8EAN&prds=localAnnotatedOfferId:1,productid:157768745681792217,pvo:2,pvt:hg,rds:PC_6027158597472037202%7CPROD_PC_6027158597472037202&gl=us&udm=28&pvorigin=2",2025-11-05 15:11:49
A660i-8EAN,Sony A6600 Mirrorless Camera Basic Kit,eBay - tri-state-camera,"$1,026.99",https://encrypted-tbn2.gstatic.com/shopping?q=tbn:ANd9GcS8KBq3p4tjmQ_7kzI7uFVDCJi1W48qkubInROCvVOiJPz_WCYXybXdPmf0qEbmO7XQWIzH3F9EL6bkFFR7YRp0RSaN2uFfvrepZ1Cu5rf8qPFxbZAyAcoF,"https://www.google.com/search?ibp=oshop&q=A660i-8EAN&prds=localAnnotatedOfferId:1,productid:11722162612851716192,pvo:2,pvt:hg,rds:PC_6027158597472037202%7CPROD_PC_6027158597472037202&gl=us&udm=28&pvorigin=2",2025-11-05 15:11:49
A660i-8EAN,Sony A6600 Mirrorless Camera,eBay - tri-state-camera,"$1,069.99",https://encrypted-tbn1.gstatic.com/shopping?q=tbn:ANd9GcTMKgwTCshL6sBTVDtmibl1Z2G7o5Hwe7u3WLWeY9siyucrYZ9b2EPUrluFBYO8k5dfGqebkdO7yP9BYCuXMXTlJ6BHct9iuUzQl4CPgM_s,"https://www.google.com/search?ibp=oshop&q=A660i-8EAN&prds=localAnnotatedOfferId:1,productid:6689691810541164743,pvo:2,pvt:hg,rds:PC_6027158597472037202%7CPROD_PC_6027158597472037202&gl=us&udm=28&pvorigin=2",2025-11-05 15:11:49
A660i-8LAN,Aurora A660i Built-In Gas Grill,The Outdoor Living Store,"$6,068.00",https://encrypted-tbn2.gstatic.com/shopping?q=tbn:ANd9GcS7nKFqUqeajJ0FYfrUROakfk_GFq8JjmHvRWfS_7wo8XZQCcX1tPQtg6_q09uIu1ck5PWAPYglEQrN-NUS0wJAY_eexb6UKbqpDnT1Ed7n,"https://www.google.com/search?ibp=oshop&q=A660i-8LAN&prds=localAnnotatedOfferId:1,productid:12618538311028891507,pvo:2,pvt:hg,rds:PC_6027158597472037202%7CPROD_PC_6027158597472037202&gl=us&udm=28&pvorigin=2",2025-11-05 15:11:49
A660i-8LAN,Fire Magic Aurora A660i 30-Inch Built-In Gas Grill,BBQGuys,"$6,975.00",https://encrypted-tbn2.gstatic.com/shopping?q=tbn:ANd9GcRZVI7-SDnmIMGklres5N-a3wGz3BAJneNHq1VFa7fknfq63JbL4W0X72aqYggauDtNnoEPO3FI4B4NZTCjryELM6x-HteYSuE-AeijF7grhzbDM0SIVs0L,"https://www.google.com/search?ibp=oshop&q=A660i-8LAN&prds=localAnnotatedOfferId:1,catalogid:15036120859235624867,pvo:2,pvt:hg,rds:PC_6027158597472037202%7CPROD_PC_6027158597472037202&gl=us&udm=28&pvorigin=2",2025-11-05 15:11:49
A660i-8LAN,Fire Magic Aurora A660i Built-In Stainless Steel Gas Grill,The Home Selection,"$6,742.80",https://encrypted-tbn3.gstatic.com/shopping?q=tbn:ANd9GcRUeA_AlmBLTtBq5IvxTlTBq1xcNDl-wMl0_pQushKV8fy--Tr9paPo7I5aQGLIPmvIjXzTD_x7EunONDaNyRbM4aJxt2kKKMlqJok_LW2KepzJxDaTNu5U_Q,"https://www.google.com/search?ibp=oshop&q=A660i-8LAN&prds=localAnnotatedOfferId:1,catalogid:14287130133156441449,pvo:2,pvt:hg,rds:PC_6027158597472037202%7CPROD_PC_6027158597472037202&gl=us&udm=28&pvorigin=2",2025-11-05 15:11:49
A660i-8LAN,Fire Magic Aurora A660i Built-In Grill,BBQDepot,"$6,131.70",https://encrypted-tbn1.gstatic.com/shopping?q=tbn:ANd9GcQ_V1rYjTDlklKjxafDyM3YvUdQpBjkUFTl05mj7W2N4gg0vQJ5vWEKoLCre1IhKUTgbEuuv7j9hrmF4ocfevW1zQ53pjlwKWBtyTTOs0s9dIRW7XM841tx7A,"https://www.google.com/search?ibp=oshop&q=A660i-8LAN&prds=localAnnotatedOfferId:1,catalogid:3403348163331114076,pvo:2,pvt:hg,rds:PC_6027158597472037202%7CPROD_PC_6027158597472037202&gl=us&udm=28&pvorigin=2",2025-11-05 15:11:49
A660i-8LAN,"Aurora A660i 30"" Built-In Grill with Analog Thermometer",outdoor cabinets direct,"$5,199.00",https://encrypted-tbn0.gstatic.com/shopping?q=tbn:ANd9GcTu0onAOExDLZKAho5C_HSnlsoNFEeoLIQueiuT41TCZEerBeG75wT21NuPIxa8bK_pw5AdSI0mMK6ijTYA7nZ9rT-WxruUAoq9XKSMAiFmVy_HzgDvYRkH,"https://www.google.com/search?ibp=oshop&q=A660i-8LAN&prds=localAnnotatedOfferId:1,productid:2749610626919649916,pvo:2,pvt:hg,rds:PC_6027158597472037202%7CPROD_PC_6027158597472037202&gl=us&udm=28&pvorigin=2",2025-11-05 15:11:49
A660i-8LAN,A660i-8LAN,Hearthside,"$6,642.90",https://encrypted-tbn2.gstatic.com/shopping?q=tbn:ANd9GcTrvoB-DwprjHD2m2Z5W0zoZpU71KbcRapf4AeDflJonD0__fZrtDDjtezCNzxs8DVl2H4N_BK8wzNXeoKNQyvf17n7PrrcxiDkBJ6Vqmc2Sd4Sw24PMSpqPw,"https://www.google.com/search?ibp=oshop&q=A660i-8LAN&prds=localAnnotatedOfferId:1,productid:823109168899853253,pvo:2,pvt:hg,rds:PC_6027158597472037202%7CPROD_PC_6027158597472037202&gl=us&udm=28&pvorigin=2",2025-11-05 15:11:49
A660i-8LAN,"Fire Magic A660I-6LAN Aurora 30"" Built-in Natural Gas Grill",Luxury Fire,"$6,362.00",https://encrypted-tbn1.gstatic.com/shopping?q=tbn:ANd9GcS2H26We-j77o4XX07_hn-56-HQdQZy-cyT1Jn2sXTsRPvmoqbPgiLG0DtemtaIMXerW6mLBnRDYhok7EZZ96Oe5B4rXbOp4XsHlQXrPq5dHWyHOvfJ2pqQkA,"https://www.google.com/search?ibp=oshop&q=A660i-8LAN&prds=localAnnotatedOfferId:1,catalogid:3601174402577590944,pvo:2,pvt:hg,rds:PC_6027158597472037202%7CPROD_PC_6027158597472037202&gl=us&udm=28&pvorigin=2",2025-11-05 15:11:49
A660i-8LAN,Firemagic FireMagic A660i Aurora Built- Grills with Analog rmometer,Sawyer Twain,"$6,125.00",https://encrypted-tbn0.gstatic.com/shopping?q=tbn:ANd9GcRC7md4uurbkY81BrWkshiK7lHxq83vG1v9CTteAc5qCntPslratl7N6ZYlz39b9NcW30vTtNmTRCAELJqtPubrctCHOZNuahNFElV_G0PWI7Pw3sKLddepuA,"https://www.google.com/search?ibp=oshop&q=A660i-8LAN&prds=localAnnotatedOfferId:1,productid:18284279762438780449,pvo:2,pvt:hg,rds:PC_6027158597472037202%7CPROD_PC_6027158597472037202&gl=us&udm=28&pvorigin=2",2025-11-05 15:11:49
A660i-8LAN,"FireMagic Aurora 30"" Built-in Grill",Northline Express,"$7,871.00",https://encrypted-tbn0.gstatic.com/shopping?q=tbn:ANd9GcR6dXV6bxBg5igcOYQlFleu8NMw-A5yZbjXYSmdesiQVUk2MBA8qcPJwc1vGvKkJ8tkgAaBJPW1N3c5Lsnmpbc0vP06w2WTdxaupzcA0fP5uzeKHxOx8vT2tw,"https://www.google.com/search?ibp=oshop&q=A660i-8LAN&prds=localAnnotatedOfferId:1,catalogid:5552394677079014036,pvo:2,pvt:hg,rds:PC_6027158597472037202%7CPROD_PC_6027158597472037202&gl=us&udm=28&pvorigin=2",2025-11-05 15:11:49
A660i-8LAN,Fire Magic E660i Built-In Grill,The Home Selection,"$6,955.20",https://encrypted-tbn3.gstatic.com/shopping?q=tbn:ANd9GcQGwaM7KkkMyiVzfR4aqIDfQ-M5crMzLt2DmtJFcNo4Qr_IwfRcdlRUD-koztPEfq4IfmsuR2SVXIBiyQODoru1fdPPnmbG_ZL1ppuUTaCCFnGoXGExuLJ0Fw,"https://www.google.com/search?ibp=oshop&q=A660i-8LAN&prds=localAnnotatedOfferId:1,catalogid:8199260768757118674,pvo:2,pvt:hg,rds:PC_6027158597472037202%7CPROD_PC_6027158597472037202&gl=us&udm=28&pvorigin=2",2025-11-05 15:11:49
A660i-8LAN,Fire Magic Aurora 660i Built-In Grill,BBQDepot,"$7,135.00",https://encrypted-tbn3.gstatic.com/shopping?q=tbn:ANd9GcRHidfNqcuP_bFz9_ndhrSmM1HLzp8-UVHOQ7ry5HM7rIBPehsil1k2cq_EBqfnWNuR7Oj38P1ivXp4hLGThqvIwR390LxG0nP1oXjgTG9rI43bg33L6t-S,"https://www.google.com/search?ibp=oshop&q=A660i-8LAN&prds=localAnnotatedOfferId:1,catalogid:15807508081337589179,pvo:2,pvt:hg,rds:PC_6027158597472037202%7CPROD_PC_6027158597472037202&gl=us&udm=28&pvorigin=2",2025-11-05 15:11:49
A660i-8LAN,Fire Magic Aurora A660i Propane Grill with Backburner & Rotisserie Kit,Atlantic Outdoor Kitchens,"$6,421.50",https://encrypted-tbn1.gstatic.com/shopping?q=tbn:ANd9GcQcFIEYru8Nrzdjk5CR-5M8KB8Y0UP11oWgQch9aehpN-wSHx9-74JJDmqNZBwpIBZBEYTpzUYrYv6HuhIvcZseCF0x9N7qdWBK24tKmpBeJ8Q3CFBOI1pPsw,"https://www.google.com/search?ibp=oshop&q=A660i-8LAN&prds=localAnnotatedOfferId:1,productid:13647240139649551689,pvo:2,pvt:hg,rds:PC_6027158597472037202%7CPROD_PC_6027158597472037202&gl=us&udm=28&pvorigin=2",2025-11-05 15:11:49
A660i-8LAN,Fire Magic Aurora A660i 33-Inch Built-In Gas Grill Natural Gas / Without Backburner and Rotisserie Kit / Standard Left Burner (No Upgrade),Patio Fever,"$6,813.00",https://encrypted-tbn1.gstatic.com/shopping?q=tbn:ANd9GcSzZ-6yL9UbLaHiqbD4GEtIgdt_4BRdyOhbdFiT_XlCzpSkuqV-LKNNPgb_IM3jZnQFliYsEHa2kVdlGhtsmIG70IYzUvGRfX66StUB1wlXlDtkiOdH-79O,"https://www.google.com/search?ibp=oshop&q=A660i-8LAN&prds=localAnnotatedOfferId:1,productid:13874068878573316420,pvo:2,pvt:hg,rds:PC_6027158597472037202%7CPROD_PC_6027158597472037202&gl=us&udm=28&pvorigin=2",2025-11-05 15:11:49
A660i-8LAN,Fire Magic Aurora Grill A660i,Shop Sanders Gas,"$5,725.80",https://encrypted-tbn3.gstatic.com/shopping?q=tbn:ANd9GcTbibfTH8wEKw8-1mDprCU3CTb5QbUyBuEs-v9TpLfhGE139eaurdXXO9mBIaFtx2wL6t_NRQdS27Wl60KvGuN14IkuziFsWptjQVlO2PQw90jxOlXtgCrUbA,"https://www.google.com/search?ibp=oshop&q=A660i-8LAN&prds=localAnnotatedOfferId:1,catalogid:3209653253456920410,pvo:2,pvt:hg,rds:PC_6027158597472037202%7CPROD_PC_6027158597472037202&gl=us&udm=28&pvorigin=2",2025-11-05 15:11:49
A660i-8LAN,Garmin aera 660 Portable Aviation GPS,Gulf Coast Avionics,$899.00,https://encrypted-tbn2.gstatic.com/shopping?q=tbn:ANd9GcRKeL4q1iSOJ2yn8q5BdKbibGm0lprm3XskRPIUh9mcBV76snhbAxH_86ik-XeokbEcExSP6Y8QuzSeInOc5Oq0K2CzeFcUOtGkdpJ3War0RGkAE3bO26K6Vw,"https://www.google.com/search?ibp=oshop&q=A660i-8LAN&prds=localAnnotatedOfferId:1,catalogid:6916695265025781051,pvo:2,pvt:hg,rds:PC_6027158597472037202%7CPROD_PC_6027158597472037202&gl=us&udm=28&pvorigin=2",2025-11-05 15:11:49
A660i-8LAN,Fire Magic Aurora A660i Natural Gas Grill with Left Side Infrared Burner & Magic Window,Atlantic Outdoor Kitchens,"$6,724.80",https://encrypted-tbn1.gstatic.com/shopping?q=tbn:ANd9GcSYVoGQKOh7sSMmQMR12jZlb-3ALJVCjYg_nUl9OsIoFzoDKJ8ZPnxyUbjLpHSeiQJ2islbP24Ec883g2AoJx6C8gJcKXrfpqlbq67bepOO781qYazU5YwWBQ,"https://www.google.com/search?ibp=oshop&q=A660i-8LAN&prds=localAnnotatedOfferId:1,productid:8309193891246155824,pvo:2,pvt:hg,rds:PC_6027158597472037202%7CPROD_PC_6027158597472037202&gl=us&udm=28&pvorigin=2",2025-11-05 15:11:49
A660i-8LAN,"Fire Magic Aurora A660i 30"" Built-in Natural Gas Grill",Dreamwood Living,"$6,362.00",https://encrypted-tbn3.gstatic.com/shopping?q=tbn:ANd9GcSJTnsHdEg3zqvK3lqAlAm0f4lyID6msbSbiRiT3R8OhGQudKZMFCuTVh2Lpivz_NW7DTZUdiG_Gfr6HNPlG00K00ssSKEJqs7Xps4CgBqNGj5BvgEi-2UfQQ,"https://www.google.com/search?ibp=oshop&q=A660i-8LAN&prds=localAnnotatedOfferId:1,catalogid:10108924310726520706,pvo:2,pvt:hg,rds:PC_6027158597472037202%7CPROD_PC_6027158597472037202&gl=us&udm=28&pvorigin=2",2025-11-05 15:11:49
A660i-8LAN,Fire Magic Aurora 30-Inch Freestanding Gas Grill,Home Outlet Direct,"$7,870.50",https://encrypted-tbn3.gstatic.com/shopping?q=tbn:ANd9GcT_hQhf3sbz4-9mncFDV0lbukZitIacO14ZKgh3aqE5qUCdWwJHcQRtj8S-ifnhqzkRmxeCmYuaet2Ju5wTdulsicZWz4X7dDHUPZ2bkDjXLiYQ35ahobevvg,"https://www.google.com/search?ibp=oshop&q=A660i-8LAN&prds=localAnnotatedOfferId:1,catalogid:2473814883986883386,pvo:2,pvt:hg,rds:PC_6027158597472037202%7CPROD_PC_6027158597472037202&gl=us&udm=28&pvorigin=2",2025-11-05 15:11:49
A660i-8LAN,Fire Magic Echelon E660i Built In Grill with Analog Thermometer,The Home Selection,"$6,955.20",https://encrypted-tbn3.gstatic.com/shopping?q=tbn:ANd9GcQGwaM7KkkMyiVzfR4aqIDfQ-M5crMzLt2DmtJFcNo4Qr_IwfRcdlRUD-koztPEfq4IfmsuR2SVXIBiyQODoru1fdPPnmbG_ZL1ppuUTaCCFnGoXGExuLJ0Fw,"https://www.google.com/search?ibp=oshop&q=A660i-8LAN&prds=localAnnotatedOfferId:1,catalogid:9864767542148261259,pvo:2,pvt:hg,rds:PC_6027158597472037202%7CPROD_PC_6027158597472037202&gl=us&udm=28&pvorigin=2",2025-11-05 15:11:49
A660i-8LAN,Fire Magic Aurora 30-Inch Freestanding Gas Grill A660s,Grillscapes,"$8,109.90",https://encrypted-tbn0.gstatic.com/shopping?q=tbn:ANd9GcT4uVsnCkLVuATFFdDWkj6fPzWQMgmkysTgtT6nkrF6da2HY9M1Rf5ZG_Xs8-QN4Q6IN0PDVFq3PiKov2sqCPX1NavNFQHsJqQD0N9Ei_wmt_r3VUqYscEzxQ,"https://www.google.com/search?ibp=oshop&q=A660i-8LAN&prds=localAnnotatedOfferId:1,catalogid:1780094522929134565,pvo:2,pvt:hg,rds:PC_6027158597472037202%7CPROD_PC_6027158597472037202&gl=us&udm=28&pvorigin=2",2025-11-05 15:11:49
A660i-8LAN,"Fire Magic Aurora 30"" Built-In Propane Gas Grill A660I6EAP",Atlantic Outdoor Kitchens,"$5,840.10",https://encrypted-tbn2.gstatic.com/shopping?q=tbn:ANd9GcSI4ffuVn3ULOO4OXUFgvIcDO5izwGlgdH6hF6r0KtaQ_JwnADhNNcodwM0KvolL_7VykzCI6v5XjIO9iWmSGtApZiM0VznsNak2j28wwz5ZuQX3fFwsS61,"https://www.google.com/search?ibp=oshop&q=A660i-8LAN&prds=localAnnotatedOfferId:1,catalogid:11111315179057827165,pvo:2,pvt:hg,rds:PC_6027158597472037202%7CPROD_PC_6027158597472037202&gl=us&udm=28&pvorigin=2",2025-11-05 15:11:49
A660i-8LAN,Fire Magic Aurora A660s 30-Inch Freestanding Gas Grill,The BBQ Authority,"$8,595.00",https://encrypted-tbn0.gstatic.com/shopping?q=tbn:ANd9GcQ6cg-YQgpRORHuO5wkqarsLJ1ZqD-pbkMaS0D5RbbIBoCmasuk9AJGzljqmG7GfM1lc7BdRbTRCiey1s9sVa1RyPSsymM3S0zHnPRmBQ5pxsevyJzWPhGQ,"https://www.google.com/search?ibp=oshop&q=A660i-8LAN&prds=localAnnotatedOfferId:1,catalogid:16725541232193691925,pvo:2,pvt:hg,rds:PC_6027158597472037202%7CPROD_PC_6027158597472037202&gl=us&udm=28&pvorigin=2",2025-11-05 15:11:49
A660i-8LAN,Fire Magic E660i Built-In Gas Grill,Home Outlet Direct,"$8,380.80",https://encrypted-tbn2.gstatic.com/shopping?q=tbn:ANd9GcRc0CuxkrpAHoWo1nz8SoL-vxtCU4h5Vkee9JTDCuxto6Off6MA2Pp47vU-S9GbNOna3FRdaU4yUHB_bk5X2YMkESOtgAN03E9X4zD5Sofvs-hum-kzvukO,"https://www.google.com/search?ibp=oshop&q=A660i-8LAN&prds=localAnnotatedOfferId:1,catalogid:14602732122726567219,pvo:2,pvt:hg,rds:PC_6027158597472037202%7CPROD_PC_6027158597472037202&gl=us&udm=28&pvorigin=2",2025-11-05 15:11:49
A660i-8LAN,"Fire Magic 30"" 3-Burner Aurora A660i Built-In Gas Grill w/ Analog Thermometer",Dreamwood Living,"$6,364.80",https://encrypted-tbn1.gstatic.com/shopping?q=tbn:ANd9GcSPtfKd6YWNf8Vx-ol4sfDsfksrRGpC487TMf5mI0mttY0CVKZPo8Cfv2LiT0KDUQdbwm0GTA4ifzK7BPdVwdAdU80l_KA7nuN6-TdzOMyx5Sr5qWtJGrxB,"https://www.google.com/search?ibp=oshop&q=A660i-8LAN&prds=localAnnotatedOfferId:1,catalogid:17650167952809608880,pvo:2,pvt:hg,rds:PC_6027158597472037202%7CPROD_PC_6027158597472037202&gl=us&udm=28&pvorigin=2",2025-11-05 15:11:49
A660i-8LAN,Fire Magic E660i-8E1N Built-In Grill,Mod Living Spaces,"$5,989.00",https://encrypted-tbn0.gstatic.com/shopping?q=tbn:ANd9GcQRBgy7oLmb8Vk2RIN-0bQa6C4fy2wm--iG5LAn0Rot4Cs29QkOf48v-kvg_K8LIZ4w8beVI0AGqvW85VrU0RJx1vPbbXaF,"https://www.google.com/search?ibp=oshop&q=A660i-8LAN&prds=localAnnotatedOfferId:1,catalogid:14644274628731110829,pvo:2,pvt:hg,rds:PC_6027158597472037202%7CPROD_PC_6027158597472037202&gl=us&udm=28&pvorigin=2",2025-11-05 15:11:49
A660i-8LAN,GARMIN - aera 660 - 010-01518-01 - With Atlantic database,pilotshop.rs,"$143,315.00",https://encrypted-tbn1.gstatic.com/shopping?q=tbn:ANd9GcTEkZj5wsNdMEI4QLrMtVdnXyLNOjaep1nw4uq6JzXcZET2W5-F9t3G5fRW0B_Bx12hebjnpAmkzDP2eTwuSshPWLn83jpnkg,"https://www.google.com/search?ibp=oshop&q=A660i-8LAN&prds=localAnnotatedOfferId:1,productid:17627251331983411755,pvo:2,pvt:hg,rds:PC_6027158597472037202%7CPROD_PC_6027158597472037202&gl=us&udm=28&pvorigin=2",2025-11-05 15:11:49
A660i-8LAN,A660I-8EAP,Evenings Delight - MIA,"$7,135.00",https://encrypted-tbn3.gstatic.com/shopping?q=tbn:ANd9GcR_hQWdemPQTjy0XMOnYE45HOFviOQKzBlQL-l7aj59LAX3PN8cUlml-BmgqE65tYxINLNY8D-jGjBGPz25X_wDEiEJCZct4A,"https://www.google.com/search?ibp=oshop&q=A660i-8LAN&prds=localAnnotatedOfferId:1,productid:18047416611332391050,pvo:2,pvt:hg,rds:PC_6027158597472037202%7CPROD_PC_6027158597472037202&gl=us&udm=28&pvorigin=2",2025-11-05 15:11:49
A660i-8LAN,Fire Magic Aurora Portable Grill A660s,Recreation Outfitters,"$9,733.00",https://encrypted-tbn3.gstatic.com/shopping?q=tbn:ANd9GcTwQeemE9D5OvLTZ8H1612Y62t1DVldwdOU7iw3umQcmZ2YjmpOLcnt5GxlCQkoaXrHE1weMgHLIaBChDfjW9Xh98JKTC1Kjj4FWVs3HcVr,"https://www.google.com/search?ibp=oshop&q=A660i-8LAN&prds=localAnnotatedOfferId:1,catalogid:5305819409657029974,pvo:2,pvt:hg,rds:PC_6027158597472037202%7CPROD_PC_6027158597472037202&gl=us&udm=28&pvorigin=2",2025-11-05 15:11:49
A660i-8LAN,Fire Magic E660i Echelon Diamond Built-In Gas Grill,Backyard Expressions,"$7,354.00",https://encrypted-tbn2.gstatic.com/shopping?q=tbn:ANd9GcSARfpL2jxVAg3gfRgoNYfO_SgF1zrVN4TZznXitg_JsRNS3AiqvvqWi3VsMKtfpPxRZZcdfzy8nm3Gki3vwPF-bkEN9OnRmO101e2BEJ-uoPQJv336pJdY,"https://www.google.com/search?ibp=oshop&q=A660i-8LAN&prds=localAnnotatedOfferId:1,catalogid:9340734221917235836,pvo:2,pvt:hg,rds:PC_6027158597472037202%7CPROD_PC_6027158597472037202&gl=us&udm=28&pvorigin=2",2025-11-05 15:11:49
A660i-8LAN,Fire Magic Aurora A660 Built-In Gas grill - Optional Rotisserie - One Infrared - Propane - Local Outdoor Kitchen Store - BBQ Grill People,BBQ Grill People,"$8,069.00",https://encrypted-tbn3.gstatic.com/shopping?q=tbn:ANd9GcTMrtZ9dAj1BOw2laJR0GmRB7EEtL3UgL1DIc02OuoWbfepNJEGSxS85fAvovWqA27rieC86WZn2VQYp_tV2OOzd1eW8Oo4vS_Gd4eTTYAo2-3FMmtLfSwC,"https://www.google.com/search?ibp=oshop&q=A660i-8LAN&prds=localAnnotatedOfferId:1,productid:14769305292980539941,pvo:2,pvt:hg,rds:PC_6027158597472037202%7CPROD_PC_6027158597472037202&gl=us&udm=28&pvorigin=2",2025-11-05 15:11:49
A660i-8LAN,A660i-7LAN-W,Hearthside,"$6,724.80",https://encrypted-tbn3.gstatic.com/shopping?q=tbn:ANd9GcQQJlWKByO3znaF0SPAoOnkdKhf9B0SiVUXczvx0-7--lZbVLNsFyCjt8mt7WL881XhUKo6kdeaja85YvIoyvC-0SyRKqjPQh8KkcTk06aahFdXix6bdCQptQ,"https://www.google.com/search?ibp=oshop&q=A660i-8LAN&prds=localAnnotatedOfferId:1,productid:17753708697980540001,pvo:2,pvt:hg,rds:PC_6027158597472037202%7CPROD_PC_6027158597472037202&gl=us&udm=28&pvorigin=2",2025-11-05 15:11:49
A660i-8LAN,Fire Magic Aurora A660i Built-In Natural Gas Grill,Atlantic Outdoor Kitchens,"$7,083.90",https://encrypted-tbn1.gstatic.com/shopping?q=tbn:ANd9GcSYVoGQKOh7sSMmQMR12jZlb-3ALJVCjYg_nUl9OsIoFzoDKJ8ZPnxyUbjLpHSeiQJ2islbP24Ec883g2AoJx6C8gJcKXrfpqlbq67bepOO781qYazU5YwWBQ,"https://www.google.com/search?ibp=oshop&q=A660i-8LAN&prds=localAnnotatedOfferId:1,catalogid:2537489359898940796,pvo:2,pvt:hg,rds:PC_6027158597472037202%7CPROD_PC_6027158597472037202&gl=us&udm=28&pvorigin=2",2025-11-05 15:11:49
